"Class name","Class date","Location","Payrate","Time (h)","Teacher First Name","Teacher Last Name","Employee Code","Payrate Code","Customer Name","Customer Email","Sale Date","Checked in","Comp","Late Cancelled","Payment Method","Payment Method Name","Paid","Teacher Payout"
"Studio Barre 57","2025-08-27, 7:00 PM","Kwality House, Kemps Corner","Junior Trainer","0.95","Simran","Dutt","","","Kiran Nebhnani","kirannebhnani14@gmail.com","2025-08-27, 7:11 PM","Yes","No","No","Subscription","Studio 3 Month Unlimited Membership","1500.00","0.00"
"Studio Barre 57","2025-08-27, 7:00 PM","Kwality House, Kemps Corner","Junior Trainer","0.95","Simran","Dutt","","","Raveena Shahpuri","raveenashahpuri@gmail.com","2025-08-27, 6:55 PM","Yes","No","No","Subscription","Studio 3 Month Unlimited Membership","51.33","0.00"
"Studio Barre 57","2025-08-27, 7:00 PM","Kwality House, Kemps Corner","Junior Trainer","0.95","Simran","Dutt","","","Maansi Parikh","maansiparikh@gmail.com","2025-08-27, 6:50 PM","Yes","No","No","Subscription","Studio 1 Month Unlimited Membership","1058.53","0.00"
"Studio Barre 57","2025-08-27, 7:00 PM","Kwality House, Kemps Corner","Junior Trainer","0.95","Simran","Dutt","","","Tara  Daswani","daswanitara@gmail.com","2025-08-27, 6:50 PM","Yes","No","No","Subscription","Studio 8 Class Package","1203.60","0.00"
"Studio Barre 57","2025-08-27, 7:00 PM","Kwality House, Kemps Corner","Junior Trainer","0.95","Simran","Dutt","","","Zya Fernandes","zyafernandesss1239@gmail.com","2025-08-27, 6:42 PM","Yes","No","No","Subscription","Studio 1 Month Unlimited Membership","562.34","0.00"
"Studio Barre 57","2025-08-27, 7:00 PM","Kwality House, Kemps Corner","Junior Trainer","0.95","Simran","Dutt","","","Namha Adukia","namhaadukia@gmail.com","2025-08-27, 5:08 PM","No","No","Yes","Subscription","Studio 3 Month Unlimited Membership","757.33","0.00"
"Studio Barre 57","2025-09-03, 7:00 PM","Kwality House, Kemps Corner","Junior Trainer","0.95","Simran","Dutt","","","Aashna Biyani","biyaniaashna1@gmail.com","2025-09-02, 8:16 PM","No","No","No","Subscription","Barre 1 month Unlimited ","1274.65","0.00"
"Studio Barre 57","2025-09-03, 7:00 PM","Kwality House, Kemps Corner","Junior Trainer","0.95","Simran","Dutt","","","Krutika Mehta","krutika.harianto@gmail.com","2025-09-02, 6:17 PM","No","No","No","Subscription","Studio 12 Class Package","1479.92","0.00"
"Studio Barre 57","2025-09-03, 7:00 PM","Kwality House, Kemps Corner","Junior Trainer","0.95","Simran","Dutt","","","Sachin Kothari ","skkothari76@gmail.com","2025-08-30, 6:40 PM","No","No","No","Subscription","Studio Annual Unlimited Membership","15.01","0.00"
"Studio Barre 57","2025-08-30, 5:30 PM","Kwality House, Kemps Corner","Junior Trainer","0.95","Simran","Dutt","","","Alya Mistry","alyamistry@hotmail.com","2025-08-30, 4:50 PM","Yes","No","No","Subscription","Studio 20 Single Class Pack","1500.00","0.00"
"Studio Barre 57","2025-08-30, 5:30 PM","Kwality House, Kemps Corner","Junior Trainer","0.95","Simran","Dutt","","","Zya Fernandes","zyafernandesss1239@gmail.com","2025-08-30, 4:00 PM","No","No","Yes","Subscription","Studio 1 Month Unlimited Membership","562.34","0.00"
"Studio Barre 57","2025-08-30, 5:30 PM","Kwality House, Kemps Corner","Junior Trainer","0.95","Simran","Dutt","","","Nirja Bhatt","nirja@bergamotbombay.com","2025-08-30, 12:08 PM","Yes","No","No","Package","Studio Single Class","1500.00","0.00"
"Studio Barre 57","2025-08-30, 5:30 PM","Kwality House, Kemps Corner","Junior Trainer","0.95","Simran","Dutt","","","Priyanka Shah","piyu.simba@gmail.com","2025-08-30, 10:15 AM","No","No","Yes","Package","Studio Referrer Complimentary Class Package","0.00","0.00"
"Studio Barre 57","2025-08-30, 5:30 PM","Kwality House, Kemps Corner","Junior Trainer","0.95","Simran","Dutt","","","Aashna Biyani","biyaniaashna1@gmail.com","2025-08-30, 3:50 AM","No","No","Yes","Subscription","Barre 1 month Unlimited ","1274.65","0.00"
"Studio Barre 57","2025-08-30, 5:30 PM","Kwality House, Kemps Corner","Junior Trainer","0.95","Simran","Dutt","","","Maansi Parikh","maansiparikh@gmail.com","2025-08-29, 11:10 PM","Yes","No","No","Subscription","Studio 1 Month Unlimited Membership","1058.53","0.00"
"Studio Barre 57","2025-08-30, 5:30 PM","Kwality House, Kemps Corner","Junior Trainer","0.95","Simran","Dutt","","","Sreejita Deb","debsreejita23@gmail.com","2025-08-29, 6:34 PM","No","No","Yes","Subscription","Studio 1 Month Unlimited Membership","1500.00","0.00"
"Studio Barre 57","2025-08-30, 5:30 PM","Kwality House, Kemps Corner","Junior Trainer","0.95","Simran","Dutt","","","Zoya  Saqlain ","zoyalakdawala98@gmail.com","2025-08-27, 7:18 AM","Yes","No","No","Package","Studio Open Barre Class","0.00","0.00"
"Studio Barre 57","2025-08-30, 5:30 PM","Kwality House, Kemps Corner","Junior Trainer","0.95","Simran","Dutt","","","aisha negani","aishanegani13@gmail.com","2025-08-25, 7:49 PM","No","No","Yes","Subscription","Studio 1 Month Unlimited Membership","674.81","0.00"
"Studio Barre 57","2025-08-30, 5:30 PM","Kwality House, Kemps Corner","Junior Trainer","0.95","Simran","Dutt","","","Aashna Sanghvi","sanghviaashna@gmail.com","2025-08-25, 12:43 AM","Yes","No","No","Subscription","Studio 20 Single Class Pack","1500.00","0.00"
"Studio Cardio Barre Express","2025-08-30, 4:30 PM","Kwality House, Kemps Corner","Junior Trainer","0.75","Simran","Dutt","","","Amruta Patil","amrutavpatil@gmail.com","2025-08-30, 4:21 PM","Yes","No","No","Subscription","Studio Annual Unlimited Membership","14.07","0.00"
"Studio Cardio Barre Express","2025-08-30, 4:30 PM","Kwality House, Kemps Corner","Junior Trainer","0.75","Simran","Dutt","","","Aakriti  Nahata ","aakritinahata@gmail.com","2025-08-30, 11:29 AM","Yes","No","No","Subscription","Studio 3 Month Unlimited Membership","51.33","0.00"
"Studio Cardio Barre Express","2025-08-30, 4:30 PM","Kwality House, Kemps Corner","Junior Trainer","0.75","Simran","Dutt","","","Hinal Kuvadia","kuvadia.hinal@gmail.com","2025-08-30, 8:04 AM","Yes","No","No","Subscription","Studio 1 Month Unlimited Membership","1384.23","0.00"
"Studio Cardio Barre Express","2025-08-30, 4:30 PM","Kwality House, Kemps Corner","Junior Trainer","0.75","Simran","Dutt","","","Urvi Kothari","urvikothari3@gmail.com","2025-08-29, 9:29 AM","No","No","Yes","Subscription","Studio 6 Month Unlimited Membership","489.16","0.00"
"Studio Cardio Barre Express","2025-08-30, 4:30 PM","Kwality House, Kemps Corner","Junior Trainer","0.75","Simran","Dutt","","","Zya Fernandes","zyafernandesss1239@gmail.com","2025-08-25, 5:34 PM","No","No","Yes","Subscription","Studio 1 Month Unlimited Membership","562.34","0.00"
"Studio Barre 57","2025-08-27, 5:45 PM","Kwality House, Kemps Corner","Junior Trainer","0.95","Simran","Dutt","","","Tara  Daswani","daswanitara@gmail.com","2025-08-27, 1:52 PM","No","No","Yes","Subscription","Studio 8 Class Package","1203.60","0.00"
"Studio Barre 57","2025-08-27, 5:45 PM","Kwality House, Kemps Corner","Junior Trainer","0.95","Simran","Dutt","","","Sreejita Deb","debsreejita23@gmail.com","2025-08-26, 8:02 PM","No","No","Yes","Subscription","Studio 1 Month Unlimited Membership","1500.00","0.00"
"Studio Barre 57","2025-09-03, 5:45 PM","Kwality House, Kemps Corner","Junior Trainer","0.95","Simran","Dutt","","","aisha negani","aishanegani13@gmail.com","2025-09-01, 9:44 PM","No","No","No","Subscription","Studio 1 Month Unlimited Membership","674.81","0.00"
"Studio Barre 57","2025-09-01, 11:30 AM","Supreme HQ, Bandra","Junior Trainer","0.95","Simran","Dutt","","","Brinda J","brinda.jot@rediffmail.com","2025-09-01, 11:10 AM","Yes","No","No","Subscription","Studio Annual Unlimited Membership","1500.00","0.00"
"Studio Barre 57","2025-09-01, 11:30 AM","Supreme HQ, Bandra","Junior Trainer","0.95","Simran","Dutt","","","Anahat Singh ","anahatnandinisingh@gmail.com","2025-08-29, 12:31 PM","No","No","Yes","Subscription","Studio 1 Month Unlimited Membership","236.78","0.00"
"Studio Barre 57","2025-09-01, 11:30 AM","Supreme HQ, Bandra","Junior Trainer","0.95","Simran","Dutt","","","Aaria Mitra","aariamitra34@gmail.com","2025-08-28, 5:30 PM","Yes","No","No","Subscription","Studio 1 Month Unlimited Membership","692.12","0.00"
"Studio Barre 57","2025-09-01, 11:30 AM","Supreme HQ, Bandra","Junior Trainer","0.95","Simran","Dutt","","","Raksha Shroff","rakshamshroff19@gmail.com","2025-08-26, 3:08 PM","No","No","No","Subscription","Studio 6 Month Unlimited Membership","1500.00","0.00"
"Studio Barre 57","2025-08-25, 11:30 AM","Supreme HQ, Bandra","Junior Trainer","0.95","Simran","Dutt","","","Brinda J","brinda.jot@rediffmail.com","2025-08-24, 8:01 PM","No","No","Yes","Subscription","Studio Annual Unlimited Membership","1500.00","0.00"
"Studio Barre 57","2025-08-25, 11:30 AM","Supreme HQ, Bandra","Junior Trainer","0.95","Simran","Dutt","","","Shai S","shahira.sunder@gmail.com","2025-08-24, 5:25 PM","Yes","No","No","Subscription","Studio 8 Class Package","1500.00","0.00"
"Studio Barre 57","2025-08-25, 11:30 AM","Supreme HQ, Bandra","Junior Trainer","0.95","Simran","Dutt","","","Shuchi Mehta","shuchi.trivedi@gmail.com","2025-08-23, 2:20 PM","No","No","Yes","Subscription","Studio 3 Month Unlimited Membership","51.33","0.00"
"Studio Barre 57","2025-08-25, 11:30 AM","Supreme HQ, Bandra","Junior Trainer","0.95","Simran","Dutt","","","Natasha Mehta","mehtanat@gmail.com","2025-08-21, 9:02 PM","No","No","Yes","Subscription","Studio 1 Month Unlimited Membership","817.95","0.00"
"Studio Barre 57","2025-08-25, 11:30 AM","Supreme HQ, Bandra","Junior Trainer","0.95","Simran","Dutt","","","Raksha Shroff","rakshamshroff19@gmail.com","2025-08-21, 9:02 AM","Yes","No","No","Subscription","Studio 6 Month Unlimited Membership","1500.00","0.00"
"Studio Barre 57","2025-09-01, 9:00 AM","Supreme HQ, Bandra","Junior Trainer","0.95","Simran","Dutt","","","Gopi Chawla","gachawla@hotmail.com","2025-09-01, 8:25 AM","Yes","No","No","Subscription","Studio 3 Month Unlimited Membership","42.00","0.00"
"Studio Barre 57","2025-09-01, 9:00 AM","Supreme HQ, Bandra","Junior Trainer","0.95","Simran","Dutt","","","Shikha Singh","chugh35@gmail.com","2025-08-31, 7:39 PM","No","No","Yes","Subscription","Studio 1 Month Unlimited Membership","461.41","0.00"
"Studio Barre 57","2025-09-01, 9:00 AM","Supreme HQ, Bandra","Junior Trainer","0.95","Simran","Dutt","","","Swati Chaturvedi","chaturvediswati@hotmail.com","2025-08-28, 8:57 PM","Yes","No","No","Subscription","Studio 1 Month Unlimited Membership","438.90","0.00"
"Studio Barre 57","2025-09-01, 9:00 AM","Supreme HQ, Bandra","Junior Trainer","0.95","Simran","Dutt","","","Harpreet Kaur","harpreet2391@gmail.com","2025-08-28, 7:15 PM","Yes","No","No","Subscription","Studio 3 Month Unlimited Membership","51.33","0.00"
"Studio Barre 57","2025-08-25, 9:00 AM","Supreme HQ, Bandra","Junior Trainer","0.95","Simran","Dutt","","","Kaavya Gupta","guptakaavya05@gmail.com","2025-08-24, 10:32 AM","Yes","No","No","Subscription","Studio 20 Single Class Pack","1500.00","0.00"
"Studio Barre 57","2025-08-25, 9:00 AM","Supreme HQ, Bandra","Junior Trainer","0.95","Simran","Dutt","","","Swati Chaturvedi","chaturvediswati@hotmail.com","2025-08-24, 9:50 AM","Yes","No","No","Subscription","Studio 1 Month Unlimited Membership","438.90","0.00"