"Class name","Class date","Location","Payrate","Total Revenue","Base Payout","Additional Payout","Total Payout","Tip","Participants","Checked in","Comps","Checked In Comps","Late cancellations","Non Paid Customers","Time (h)","Teacher First Name","Teacher Last Name","Employee Code","Payrate Code"
"Studio Cardio Barre","2025-09-07, 11:30 AM","Supreme HQ, Bandra","Junior Trainer","2359.95","1250.00","0.00","1250.00","0.00","3","0","0","0","0","0","1.00","Simonelle","De Vitre","",""
"Studio Barre 57","2025-09-07, 10:15 AM","Supreme HQ, Bandra","Junior Trainer","0.00","1250.00","0.00","1250.00","0.00","0","0","0","0","0","0","0.95","Simonelle","De Vitre","",""
"Studio Cardio Barre","2025-09-05, 7:15 PM","Supreme HQ, Bandra","Junior Trainer","1754.93","1250.00","0.00","1250.00","0.00","2","0","0","0","0","0","1.00","Simonelle","De Vitre","",""
"Studio Barre 57","2025-09-05, 6:00 PM","Supreme HQ, Bandra","Junior Trainer","0.00","1250.00","0.00","1250.00","0.00","0","0","0","0","0","0","0.95","Simonelle","De Vitre","",""
"Studio Cardio Barre","2025-08-28, 10:15 AM","Kwality House, Kemps Corner","Junior Trainer","3025.45","1250.00","0.00","1250.00","0.00","6","2","0","0","4","0","0.95","Simonelle","De Vitre","",""
"Studio Barre 57","2025-08-28, 9:00 AM","Kwality House, Kemps Corner","Junior Trainer","4531.25","1250.00","0.00","1250.00","0.00","4","3","0","0","1","0","0.95","Simonelle","De Vitre","",""
"Studio Barre 57","2025-08-20, 7:00 PM","Kwality House, Kemps Corner","Junior Trainer","1847.63","1250.00","0.00","1250.00","0.00","2","2","0","0","0","0","0.95","Simonelle","De Vitre","",""
"Studio Barre 57","2025-09-03, 7:15 PM","Supreme HQ, Bandra","Junior Trainer","3911.12","1250.00","0.00","1250.00","0.00","6","0","0","0","0","2","0.95","Simonelle","De Vitre","",""
"Studio Barre 57","2025-08-27, 7:15 PM","Supreme HQ, Bandra","Junior Trainer","1941.33","1250.00","0.00","1250.00","0.00","2","1","0","0","1","0","0.95","Simonelle","De Vitre","",""
"Studio Cardio Barre Express","2025-09-03, 6:00 PM","Supreme HQ, Bandra","Junior Trainer","3051.33","1250.00","0.00","1250.00","0.00","3","0","0","0","0","0","0.75","Simonelle","De Vitre","",""
"Studio Cardio Barre Express","2025-08-27, 6:00 PM","Supreme HQ, Bandra","Junior Trainer","2677.11","1250.00","0.00","1250.00","0.00","4","2","0","0","2","0","0.75","Simonelle","De Vitre","",""
"Studio Barre 57","2025-08-25, 10:00 AM","Kwality House, Kemps Corner","Junior Trainer","8564.43","1250.00","0.00","1250.00","0.00","7","7","0","0","0","0","0.95","Simonelle","De Vitre","",""
"Studio Barre 57","2025-09-08, 10:00 AM","Kwality House, Kemps Corner","Junior Trainer","0.00","1250.00","0.00","1250.00","0.00","0","0","0","0","0","0","0.95","Simonelle","De Vitre","",""
"Studio Barre 57","2025-09-01, 10:00 AM","Kwality House, Kemps Corner","Junior Trainer","7884.63","1250.00","0.00","1250.00","0.00","7","7","0","0","0","0","0.95","Simonelle","De Vitre","",""
"Studio Barre 57","2025-08-25, 7:30 AM","Kwality House, Kemps Corner","Junior Trainer","9365.12","1250.00","0.00","1250.00","0.00","10","8","0","0","2","0","0.95","Simonelle","De Vitre","",""
"Studio Barre 57","2025-09-01, 7:30 AM","Kwality House, Kemps Corner","Junior Trainer","5782.41","1250.00","0.00","1250.00","0.00","6","5","0","0","1","1","0.95","Simonelle","De Vitre","",""
"Studio Barre 57","2025-09-08, 7:30 AM","Kwality House, Kemps Corner","Junior Trainer","0.00","1250.00","0.00","1250.00","0.00","0","0","0","0","0","0","0.95","Simonelle","De Vitre","",""
"Studio Barre 57","2025-08-18, 11:30 AM","Kwality House, Kemps Corner","Junior Trainer","3000.00","1250.00","0.00","1250.00","0.00","2","1","0","0","1","0","0.95","Simonelle","De Vitre","",""
"Studio Barre 57","2025-08-20, 5:45 PM","Kwality House, Kemps Corner","Junior Trainer","8828.64","1250.00","0.00","1250.00","0.00","8","7","0","0","1","0","0.95","Simonelle","De Vitre","",""
"Studio Cardio Barre Express","2025-08-19, 10:15 AM","Kwality House, Kemps Corner","Junior Trainer","1525.05","1250.00","0.00","1250.00","0.00","3","2","0","0","1","0","0.75","Simonelle","De Vitre","",""
"Studio Barre 57","2025-08-19, 9:00 AM","Kwality House, Kemps Corner","Junior Trainer","7612.91","1250.00","0.00","1250.00","0.00","6","3","0","0","3","0","0.95","Simonelle","De Vitre","",""
"Studio Barre 57","2025-08-18, 10:15 AM","Kwality House, Kemps Corner","","4551.33","0.00","0.00","0.00","0.00","4","4","0","0","0","0","0.95","Simonelle","De Vitre","",""
"Studio Cardio Barre Express","2025-08-18, 9:15 AM","Kwality House, Kemps Corner","","0.00","0.00","0.00","0.00","0.00","0","0","0","0","0","0","0.75","Simonelle","De Vitre","",""
"Studio Barre 57","2025-07-27, 11:30 AM","Kwality House, Kemps Corner","","9929.28","0.00","0.00","0.00","0.00","10","10","0","0","0","1","0.95","Simonelle","De Vitre","",""
"Studio Cardio Barre","2025-07-27, 10:15 AM","Kwality House, Kemps Corner","","10517.18","0.00","0.00","0.00","0.00","16","16","0","0","0","3","0.95","Simonelle","De Vitre","",""