"Class name","Class date","Location","Payrate","Total Revenue","Base Payout","Additional Payout","Total Payout","Tip","Participants","Checked in","Comps","Checked In Comps","Late cancellations","Non Paid Customers","Time (h)","Teacher First Name","Teacher Last Name","Employee Code","Payrate Code"
"Studio Cardio Barre ( Tempo Tango )","2025-05-17, 11:15 AM","Supreme HQ, Bandra","Junior Trainer","3051.33","1250.00","0.00","1250.00","0.00","4","4","0","0","0","1","0.95","Nishanth","Raj","",""
"Studio Barre 57","2025-05-17, 9:45 AM","Supreme HQ, Bandra","Junior Trainer","5323.25","1250.00","0.00","1250.00","0.00","5","4","0","0","1","1","0.95","Nishanth","Raj","",""
"Studio Barre 57","2025-05-15, 7:15 PM","Kwality House, Kemps Corner","Junior Trainer","3604.03","1250.00","0.00","1250.00","0.00","3","2","0","0","1","0","0.95","Nishanth","Raj","",""
"Studio Barre 57","2025-05-15, 6:15 PM","Kwality House, Kemps Corner","Junior Trainer","7299.88","1250.00","0.00","1250.00","0.00","9","5","0","0","4","0","0.95","Nishanth","Raj","",""
"Studio Barre 57","2025-05-13, 7:15 PM","Kwality House, Kemps Corner","Junior Trainer","3000.00","1250.00","0.00","1250.00","0.00","2","2","0","0","0","0","0.95","Nishanth","Raj","",""
"Studio Cardio Barre","2025-05-13, 6:00 PM","Kwality House, Kemps Corner","Junior Trainer","4913.64","1250.00","0.00","1250.00","0.00","6","6","0","0","0","0","0.95","Nishanth","Raj","",""
"Studio Barre 57⚡","2025-04-23, 7:15 PM","Supreme HQ, Bandra","Junior Trainer","5285.76","1250.00","0.00","1250.00","0.00","9","8","0","0","1","2","0.95","Nishanth","Raj","",""
"Studio Cardio Barre Express","2025-04-23, 6:00 PM","Supreme HQ, Bandra","Junior Trainer","866.05","1250.00","0.00","1250.00","0.00","4","1","0","0","3","0","0.75","Nishanth","Raj","",""
"Studio Barre 57","2025-04-30, 11:30 AM","Kwality House, Kemps Corner","Junior Trainer","5220.50","1250.00","0.00","1250.00","0.00","6","5","0","0","1","0","0.95","Nishanth","Raj","",""
"Studio Cardio Barre","2025-04-30, 10:15 AM","Kwality House, Kemps Corner","Junior Trainer","3987.26","1250.00","0.00","1250.00","0.00","4","4","0","0","0","0","0.95","Nishanth","Raj","",""
"Studio Barre 57","2025-04-30, 8:30 AM","Kwality House, Kemps Corner","Junior Trainer","3502.64","1250.00","0.00","1250.00","0.00","3","2","0","0","1","0","0.95","Nishanth","Raj","",""
"Studio Barre 57","2025-04-15, 7:15 PM","Kwality House, Kemps Corner","Junior Trainer","4883.11","1250.00","0.00","1250.00","0.00","8","7","0","0","1","2","0.95","Nishanth","Raj","",""
"Studio Barre 57","2025-05-06, 7:15 PM","Kwality House, Kemps Corner","Junior Trainer","3866.70","1250.00","0.00","1250.00","0.00","6","5","0","0","1","1","0.95","Nishanth","Raj","",""
"Studio Barre 57","2025-04-22, 7:15 PM","Kwality House, Kemps Corner","Junior Trainer","2923.49","1250.00","0.00","1250.00","0.00","4","2","0","0","2","0","0.95","Nishanth","Raj","",""
"Studio Barre 57","2025-04-29, 7:15 PM","Kwality House, Kemps Corner","Junior Trainer","5043.71","1250.00","0.00","1250.00","0.00","5","4","0","0","1","0","0.95","Nishanth","Raj","",""
"Studio Barre 57","2025-04-08, 7:15 PM","Kwality House, Kemps Corner","Junior Trainer","4115.08","1250.00","0.00","1250.00","0.00","4","2","0","0","2","0","0.95","Nishanth","Raj","",""
"Studio Cardio Barre","2025-04-29, 6:00 PM","Kwality House, Kemps Corner","Junior Trainer","5474.32","1250.00","0.00","1250.00","0.00","5","5","0","0","0","1","0.95","Nishanth","Raj","",""
"Studio Cardio Barre","2025-04-22, 6:00 PM","Kwality House, Kemps Corner","Junior Trainer","7852.27","1250.00","0.00","1250.00","0.00","6","6","0","0","0","0","0.95","Nishanth","Raj","",""
"Studio Cardio Barre","2025-05-06, 6:00 PM","Kwality House, Kemps Corner","Junior Trainer","916.11","1250.00","0.00","1250.00","0.00","2","2","0","0","0","0","0.95","Nishanth","Raj","",""
"Studio Cardio Barre","2025-04-15, 6:00 PM","Kwality House, Kemps Corner","Junior Trainer","4442.05","1250.00","0.00","1250.00","0.00","5","3","0","0","2","0","0.95","Nishanth","Raj","",""
"Studio Cardio Barre","2025-04-08, 6:00 PM","Kwality House, Kemps Corner","Junior Trainer","1590.15","1250.00","0.00","1250.00","0.00","3","2","0","0","1","0","0.95","Nishanth","Raj","",""
"Studio Cardio Barre","2025-04-27, 11:30 AM","Supreme HQ, Bandra","Junior Trainer","1257.93","1250.00","0.00","1250.00","0.00","1","1","0","0","0","0","0.95","Nishanth","Raj","",""
"Studio Barre 57","2025-04-27, 10:15 AM","Supreme HQ, Bandra","Junior Trainer","3225.16","1250.00","0.00","1250.00","0.00","6","4","0","0","2","0","0.95","Nishanth","Raj","",""
"Studio Cardio Barre","2025-05-10, 5:15 PM","Supreme HQ, Bandra","Junior Trainer","611.83","1250.00","0.00","1250.00","0.00","1","1","0","0","0","0","0.95","Nishanth","Raj","",""
"Studio Cardio Barre","2025-04-19, 5:15 PM","Supreme HQ, Bandra","Junior Trainer","2155.64","1250.00","0.00","1250.00","0.00","3","3","0","0","0","0","0.95","Nishanth","Raj","",""
"Studio Cardio Barre","2025-04-26, 5:15 PM","Supreme HQ, Bandra","Junior Trainer","1165.78","1250.00","0.00","1250.00","0.00","6","4","0","0","2","2","0.95","Nishanth","Raj","",""
"Studio Cardio Barre","2025-04-12, 5:15 PM","Supreme HQ, Bandra","Junior Trainer","2323.87","1250.00","0.00","1250.00","0.00","5","3","0","0","2","0","0.95","Nishanth","Raj","",""
"Studio Barre 57","2025-05-10, 4:00 PM","Supreme HQ, Bandra","Junior Trainer","2515.86","1250.00","0.00","1250.00","0.00","3","3","0","0","0","1","0.95","Nishanth","Raj","",""
"Studio Barre 57","2025-04-26, 4:00 PM","Supreme HQ, Bandra","Junior Trainer","1257.93","1250.00","0.00","1250.00","0.00","1","1","0","0","0","0","0.95","Nishanth","Raj","",""
"Studio Barre 57","2025-04-19, 4:00 PM","Supreme HQ, Bandra","Junior Trainer","2014.83","1250.00","0.00","1250.00","0.00","6","5","0","0","1","1","0.95","Nishanth","Raj","",""
"Studio Barre 57","2025-04-12, 4:00 PM","Supreme HQ, Bandra","Junior Trainer","5057.27","1250.00","0.00","1250.00","0.00","8","5","0","0","3","1","0.95","Nishanth","Raj","",""
"Studio Barre 57","2025-05-08, 7:15 PM","Kwality House, Kemps Corner","Junior Trainer","3766.21","1250.00","0.00","1250.00","0.00","5","4","0","0","1","0","0.95","Nishanth","Raj","",""
"Studio Barre 57","2025-04-17, 7:15 PM","Kwality House, Kemps Corner","Junior Trainer","2852.45","1250.00","0.00","1250.00","0.00","7","5","0","0","2","1","0.95","Nishanth","Raj","",""
"Studio Barre 57","2025-05-01, 7:15 PM","Kwality House, Kemps Corner","Junior Trainer","968.31","1250.00","0.00","1250.00","0.00","4","3","0","0","1","2","0.95","Nishanth","Raj","",""
"Studio Barre 57","2025-04-10, 7:15 PM","Kwality House, Kemps Corner","Junior Trainer","4248.55","1250.00","0.00","1250.00","0.00","7","5","0","0","2","2","0.95","Nishanth","Raj","",""
"Studio Barre 57","2025-05-08, 5:45 PM","Kwality House, Kemps Corner","Junior Trainer","3820.58","1250.00","0.00","1250.00","0.00","10","4","0","0","6","4","0.95","Nishanth","Raj","",""
"Studio Barre 57","2025-04-17, 5:45 PM","Kwality House, Kemps Corner","Junior Trainer","5298.01","1250.00","0.00","1250.00","0.00","10","7","0","0","3","2","0.95","Nishanth","Raj","",""
"Studio Barre 57","2025-05-01, 5:45 PM","Kwality House, Kemps Corner","Junior Trainer","4724.71","1250.00","0.00","1250.00","0.00","9","8","0","0","1","2","0.95","Nishanth","Raj","",""
"Studio Barre 57","2025-04-10, 5:45 PM","Kwality House, Kemps Corner","Junior Trainer","6795.74","1250.00","0.00","1250.00","0.00","10","6","0","0","4","1","0.95","Nishanth","Raj","",""
"Studio Barre 57","2025-04-21, 7:15 PM","Supreme HQ, Bandra","Junior Trainer","2700.08","1250.00","0.00","1250.00","0.00","7","4","0","0","3","1","0.95","Nishanth","Raj","",""
"Studio Barre 57","2025-04-21, 6:00 PM","Supreme HQ, Bandra","Junior Trainer","4080.91","1250.00","0.00","1250.00","0.00","5","4","0","0","1","1","0.95","Nishanth","Raj","",""
"Studio Cardio Barre","2025-04-03, 7:00 PM","Kwality House, Kemps Corner","Junior Trainer","878.46","1250.00","0.00","1250.00","0.00","2","2","0","0","0","0","0.95","Nishanth","Raj","",""
"Studio Barre 57","2025-04-03, 5:45 PM","Kwality House, Kemps Corner","Junior Trainer","3415.62","1250.00","0.00","1250.00","0.00","5","4","0","0","1","0","0.95","Nishanth","Raj","",""
"Studio Barre 57","2025-04-01, 7:15 PM","Kwality House, Kemps Corner","Junior Trainer","5011.10","1250.00","0.00","1250.00","0.00","9","5","0","0","4","2","0.95","Nishanth","Raj","",""
"Studio Cardio Barre","2025-04-01, 6:00 PM","Kwality House, Kemps Corner","Junior Trainer","1797.64","1250.00","0.00","1250.00","0.00","4","2","0","0","2","0","0.95","Nishanth","Raj","",""
"Studio Cardio Barre","2025-03-29, 5:15 PM","Supreme HQ, Bandra","Junior Trainer","519.09","1250.00","0.00","1250.00","0.00","2","2","0","0","0","1","0.95","Nishanth","Raj","",""
"Studio Barre 57","2025-03-29, 4:00 PM","Supreme HQ, Bandra","Junior Trainer","3386.48","1250.00","0.00","1250.00","0.00","4","4","0","0","0","1","0.95","Nishanth","Raj","",""
"Studio Barre 57","2025-03-28, 10:15 AM","Supreme HQ, Bandra","Junior Trainer","43.63","1250.00","0.00","1250.00","0.00","2","1","0","0","1","1","0.95","Nishanth","Raj","",""
"Studio Barre 57","2025-03-28, 8:30 AM","Supreme HQ, Bandra","Junior Trainer","2515.86","1250.00","0.00","1250.00","0.00","2","2","0","0","0","0","0.95","Nishanth","Raj","",""
"Studio Cardio Barre","2025-03-27, 7:00 PM","Kwality House, Kemps Corner","Junior Trainer","46.20","1250.00","0.00","1250.00","0.00","1","0","0","0","1","0","0.95","Nishanth","Raj","",""
"Studio Barre 57","2025-03-27, 5:45 PM","Kwality House, Kemps Corner","Junior Trainer","9099.58","1250.00","0.00","1250.00","0.00","11","8","0","0","3","0","0.95","Nishanth","Raj","",""
"Studio Barre 57","2025-03-24, 10:15 AM","Kwality House, Kemps Corner","Junior Trainer","1964.89","1250.00","0.00","1250.00","0.00","5","4","0","0","1","2","0.95","Nishanth","Raj","",""
"Studio Foundations","2025-03-24, 9:15 AM","Kwality House, Kemps Corner","Junior Trainer","2757.93","1250.00","0.00","1250.00","0.00","2","2","0","0","0","0","0.83","Nishanth","Raj","",""
"Studio Barre 57","2025-03-24, 7:30 AM","Kwality House, Kemps Corner","Junior Trainer","6052.16","1250.00","0.00","1250.00","0.00","7","7","0","0","0","0","0.95","Nishanth","Raj","",""
"Studio Cardio Barre","2025-03-22, 5:15 PM","Supreme HQ, Bandra","Junior Trainer","1895.64","1250.00","0.00","1250.00","0.00","3","1","0","0","2","0","0.95","Nishanth","Raj","",""
"Studio Barre 57","2025-03-22, 4:00 PM","Supreme HQ, Bandra","Junior Trainer","611.83","1250.00","0.00","1250.00","0.00","1","1","0","0","0","0","0.95","Nishanth","Raj","",""
"Studio Barre 57","2025-03-21, 10:15 AM","Supreme HQ, Bandra","Junior Trainer","1811.37","1250.00","0.00","1250.00","0.00","3","2","0","0","1","0","0.95","Nishanth","Raj","",""
"Studio Barre 57","2025-03-21, 8:30 AM","Supreme HQ, Bandra","Junior Trainer","630.42","1250.00","0.00","1250.00","0.00","2","1","0","0","1","0","0.95","Nishanth","Raj","",""
"Studio Cardio Barre","2025-03-20, 7:00 PM","Kwality House, Kemps Corner","Junior Trainer","937.69","1250.00","0.00","1250.00","0.00","2","1","0","0","1","0","0.95","Nishanth","Raj","",""
"Studio Barre 57","2025-03-20, 5:45 PM","Kwality House, Kemps Corner","Junior Trainer","3015.00","1250.00","0.00","1250.00","0.00","7","5","0","0","2","0","0.95","Nishanth","Raj","",""
"Studio Barre 57","2025-02-19, 5:45 PM","Kwality House, Kemps Corner","Junior Trainer","1199.96","1250.00","0.00","1250.00","0.00","4","3","0","0","1","0","0.95","Nishanth","Raj","",""
"Studio Barre 57","2025-03-18, 7:15 PM","Kwality House, Kemps Corner","Junior Trainer","1604.28","1250.00","0.00","1250.00","0.00","6","4","0","0","2","2","0.95","Nishanth","Raj","",""
"Studio Cardio Barre","2025-03-18, 6:00 PM","Kwality House, Kemps Corner","Junior Trainer","15.58","1250.00","0.00","1250.00","0.00","1","0","0","0","1","0","0.95","Nishanth","Raj","",""
"Studio Cardio Barre","2025-03-13, 7:00 PM","Kwality House, Kemps Corner","Junior Trainer","0.00","1250.00","0.00","1250.00","0.00","0","0","0","0","0","0","0.95","Nishanth","Raj","",""
"Studio Barre 57","2025-03-13, 5:45 PM","Kwality House, Kemps Corner","Junior Trainer","5007.31","1250.00","0.00","1250.00","0.00","6","3","0","0","3","1","0.95","Nishanth","Raj","",""
"Studio Barre 57","2025-03-06, 5:45 PM","Kwality House, Kemps Corner","Junior Trainer","2919.78","1250.00","0.00","1250.00","0.00","3","3","0","0","0","0","0.95","Nishanth","Raj","",""
"💟 Studio Barre 57","2025-02-13, 5:45 PM","Kwality House, Kemps Corner","Junior Trainer","2589.16","1250.00","0.00","1250.00","0.00","10","8","0","0","2","1","0.95","Nishanth","Raj","",""
"Studio Barre 57","2025-02-20, 5:45 PM","Kwality House, Kemps Corner","Junior Trainer","2526.20","1250.00","0.00","1250.00","0.00","4","4","0","0","0","1","0.95","Nishanth","Raj","",""
"Studio Barre 57","2025-02-27, 5:45 PM","Kwality House, Kemps Corner","Junior Trainer","4263.97","1250.00","0.00","1250.00","0.00","4","4","0","0","0","0","0.95","Nishanth","Raj","",""
"Studio Barre 57","2025-03-11, 7:15 PM","Kwality House, Kemps Corner","Junior Trainer","80.31","1250.00","0.00","1250.00","0.00","4","3","0","0","1","2","0.95","Nishanth","Raj","",""
"Studio Cardio Barre","2025-03-11, 6:00 PM","Kwality House, Kemps Corner","Junior Trainer","2140.59","1250.00","0.00","1250.00","0.00","5","4","0","0","1","0","0.95","Nishanth","Raj","",""
"Studio Cardio Barre","2025-03-09, 11:30 AM","Supreme HQ, Bandra","Junior Trainer","1773.96","1250.00","0.00","1250.00","0.00","3","1","0","0","2","0","0.95","Nishanth","Raj","",""
"Studio Barre 57","2025-03-09, 10:15 AM","Supreme HQ, Bandra","Junior Trainer","6042.73","1250.00","0.00","1250.00","0.00","12","7","0","0","5","4","0.95","Nishanth","Raj","",""
"Studio Cardio Barre","2025-03-08, 5:15 PM","Supreme HQ, Bandra","Junior Trainer","1718.28","1250.00","0.00","1250.00","0.00","3","2","0","0","1","0","0.95","Nishanth","Raj","",""
"Studio Barre 57","2025-03-08, 4:00 PM","Supreme HQ, Bandra","Junior Trainer","0.00","1250.00","0.00","1250.00","0.00","3","3","0","0","0","3","0.95","Nishanth","Raj","",""
"Studio Barre 57","2025-03-07, 10:15 AM","Supreme HQ, Bandra","Junior Trainer","3599.83","1250.00","0.00","1250.00","0.00","3","3","0","0","0","0","0.95","Nishanth","Raj","",""
"Studio Barre 57","2025-03-07, 8:30 AM","Supreme HQ, Bandra","Junior Trainer","1770.00","1250.00","0.00","1250.00","0.00","2","2","0","0","0","0","0.95","Nishanth","Raj","",""
"Studio Cardio Barre","2025-03-06, 7:00 PM","Kwality House, Kemps Corner","Junior Trainer","0.00","1250.00","0.00","1250.00","0.00","0","0","0","0","0","0","0.95","Nishanth","Raj","",""
"Studio Barre 57","2025-03-04, 7:15 PM","Kwality House, Kemps Corner","Junior Trainer","0.00","1250.00","0.00","1250.00","0.00","0","0","0","0","0","0","0.95","Nishanth","Raj","",""
"Studio Cardio Barre","2025-03-04, 6:00 PM","Kwality House, Kemps Corner","Junior Trainer","1066.93","1250.00","0.00","1250.00","0.00","2","1","0","0","1","0","0.95","Nishanth","Raj","",""
"Studio Barre 57","2025-03-03, 10:15 AM","Kwality House, Kemps Corner","Junior Trainer","1500.00","1250.00","0.00","1250.00","0.00","2","2","0","0","0","1","0.95","Nishanth","Raj","",""
"Studio Foundations","2025-03-03, 9:15 AM","Kwality House, Kemps Corner","Junior Trainer","3898.44","1250.00","0.00","1250.00","0.00","4","3","0","0","1","0","0.83","Nishanth","Raj","",""
"Studio Barre 57","2025-03-03, 7:30 AM","Kwality House, Kemps Corner","Junior Trainer","4435.26","1250.00","0.00","1250.00","0.00","5","5","0","0","0","0","0.95","Nishanth","Raj","",""
"Studio Cardio Barre","2025-03-01, 5:15 PM","Supreme HQ, Bandra","Junior Trainer","4337.06","1250.00","0.00","1250.00","0.00","7","4","0","0","3","2","0.95","Nishanth","Raj","",""
"Studio Barre 57","2025-03-01, 4:00 PM","Supreme HQ, Bandra","Junior Trainer","1543.81","1250.00","0.00","1250.00","0.00","2","2","0","0","0","0","0.95","Nishanth","Raj","",""
"Studio Barre 57","2025-02-28, 10:15 AM","Supreme HQ, Bandra","Junior Trainer","2407.59","1250.00","0.00","1250.00","0.00","5","4","0","0","1","1","0.95","Nishanth","Raj","",""
"Studio Barre 57","2025-02-28, 8:30 AM","Supreme HQ, Bandra","Junior Trainer","1543.81","1250.00","0.00","1250.00","0.00","2","2","0","0","0","0","0.95","Nishanth","Raj","",""
"Studio Cardio Barre","2025-02-27, 7:00 PM","Kwality House, Kemps Corner","Junior Trainer","2884.57","1250.00","0.00","1250.00","0.00","4","2","0","0","2","0","0.95","Nishanth","Raj","",""
"Studio Barre 57","2025-02-25, 7:15 PM","Kwality House, Kemps Corner","Junior Trainer","922.11","1250.00","0.00","1250.00","0.00","3","1","0","0","2","2","0.95","Nishanth","Raj","",""
"Studio Cardio Barre","2025-02-25, 6:00 PM","Kwality House, Kemps Corner","Junior Trainer","2190.39","1250.00","0.00","1250.00","0.00","4","4","0","0","0","1","0.95","Nishanth","Raj","",""
"Studio Cardio Barre","2025-02-23, 11:30 AM","Supreme HQ, Bandra","Junior Trainer","2690.40","1250.00","0.00","1250.00","0.00","3","3","0","0","0","1","0.95","Nishanth","Raj","",""
"Studio Barre 57","2025-02-23, 10:15 AM","Supreme HQ, Bandra","Junior Trainer","4672.04","1250.00","0.00","1250.00","0.00","8","6","0","0","2","1","0.95","Nishanth","Raj","",""
"Studio Barre 57","2025-02-22, 5:15 PM","Kwality House, Kemps Corner","Junior Trainer","4844.00","1250.00","0.00","1250.00","0.00","7","6","0","0","1","2","0.95","Nishanth","Raj","",""
"Studio Cardio Barre","2025-02-22, 4:00 PM","Kwality House, Kemps Corner","Junior Trainer","5083.81","1250.00","0.00","1250.00","0.00","4","2","0","0","2","0","0.95","Nishanth","Raj","",""
"Studio Barre 57","2025-02-21, 10:15 AM","Supreme HQ, Bandra","Junior Trainer","863.96","1250.00","0.00","1250.00","0.00","4","3","0","0","1","2","0.95","Nishanth","Raj","",""
"Studio Barre 57","2025-02-21, 8:30 AM","Supreme HQ, Bandra","Junior Trainer","43.63","1250.00","0.00","1250.00","0.00","1","1","0","0","0","0","0.95","Nishanth","Raj","",""
"Studio Cardio Barre","2025-02-20, 7:00 PM","Kwality House, Kemps Corner","Junior Trainer","15.58","1250.00","0.00","1250.00","0.00","1","1","0","0","0","0","0.95","Nishanth","Raj","",""
"Studio Barre 57","2025-02-19, 7:00 PM","Kwality House, Kemps Corner","Junior Trainer","2554.80","1250.00","0.00","1250.00","0.00","3","2","0","0","1","0","0.95","Nishanth","Raj","",""
"Studio Barre 57","2025-02-18, 7:15 PM","Kwality House, Kemps Corner","Junior Trainer","43.81","1250.00","0.00","1250.00","0.00","2","1","0","0","1","1","0.95","Nishanth","Raj","",""
"Studio Cardio Barre","2025-02-18, 6:00 PM","Kwality House, Kemps Corner","Junior Trainer","1526.12","1250.00","0.00","1250.00","0.00","4","4","0","0","0","2","0.95","Nishanth","Raj","",""
"Studio Cardio Barre ( Lunge with Love )","2025-02-15, 5:15 PM","Supreme HQ, Bandra","Junior Trainer","1139.70","1250.00","0.00","1250.00","0.00","2","0","0","0","2","0","0.95","Nishanth","Raj","",""
"Studio Barre 57","2025-02-15, 4:00 PM","Supreme HQ, Bandra","Junior Trainer","2639.70","1250.00","0.00","1250.00","0.00","4","3","0","0","1","1","0.95","Nishanth","Raj","",""
"💟 Studio Barre 57","2025-02-14, 10:15 AM","Supreme HQ, Bandra","Junior Trainer","87.44","1250.00","0.00","1250.00","0.00","3","1","0","0","2","1","0.95","Nishanth","Raj","",""
"💟 Studio Barre 57","2025-02-14, 8:30 AM","Supreme HQ, Bandra","Junior Trainer","1405.55","1250.00","0.00","1250.00","0.00","2","2","0","0","0","0","0.95","Nishanth","Raj","",""
"Studio Cardio Barre","2025-02-13, 7:00 PM","Kwality House, Kemps Corner","Junior Trainer","0.00","1250.00","0.00","1250.00","0.00","0","0","0","0","0","0","0.95","Nishanth","Raj","",""
"Studio Barre 57","2025-02-11, 7:15 PM","Kwality House, Kemps Corner","Junior Trainer","7543.81","1250.00","0.00","1250.00","0.00","6","6","0","0","0","0","0.95","Nishanth","Raj","",""
"💟 Studio Cardio Barre","2025-02-11, 6:00 PM","Kwality House, Kemps Corner","Junior Trainer","1523.73","1250.00","0.00","1250.00","0.00","3","2","0","0","1","1","0.95","Nishanth","Raj","",""
"Studio Cardio Barre","2025-02-06, 6:45 PM","Kwality House, Kemps Corner","Junior Trainer","2737.85","1250.00","0.00","1250.00","0.00","2","2","0","0","0","0","0.95","Nishanth","Raj","",""
"Studio Cardio Barre","2025-01-09, 6:45 PM","Kwality House, Kemps Corner","Junior Trainer","6078.59","1250.00","0.00","1250.00","0.00","6","6","0","0","0","0","0.95","Nishanth","Raj","",""
"Studio Cardio Barre","2025-01-16, 6:45 PM","Kwality House, Kemps Corner","Junior Trainer","2460.28","1250.00","0.00","1250.00","0.00","5","5","0","0","0","0","0.95","Nishanth","Raj","",""
"Studio Cardio Barre","2025-01-23, 6:45 PM","Kwality House, Kemps Corner","Junior Trainer","529.26","1250.00","0.00","1250.00","0.00","1","0","0","0","1","0","0.95","Nishanth","Raj","",""
"Studio Barre 57 Express","2025-02-06, 5:45 PM","Kwality House, Kemps Corner","Junior Trainer","4163.11","1250.00","0.00","1250.00","0.00","6","5","0","0","1","0","0.75","Nishanth","Raj","",""
"Studio Barre 57 Express","2025-01-09, 5:45 PM","Kwality House, Kemps Corner","Junior Trainer","9.04","1250.00","0.00","1250.00","0.00","1","1","0","0","0","0","0.75","Nishanth","Raj","",""
"Studio Barre 57 Express","2025-01-16, 5:45 PM","Kwality House, Kemps Corner","Junior Trainer","4282.83","1250.00","0.00","1250.00","0.00","11","9","0","0","2","4","0.75","Nishanth","Raj","",""
"Studio Barre 57 Express","2025-01-23, 5:45 PM","Kwality House, Kemps Corner","Junior Trainer","9143.81","1250.00","0.00","1250.00","0.00","9","8","0","0","1","0","0.75","Nishanth","Raj","",""
"Studio Barre 57","2025-01-24, 10:15 AM","Supreme HQ, Bandra","Junior Trainer","956.95","1250.00","0.00","1250.00","0.00","3","3","0","0","0","0","0.95","Nishanth","Raj","",""
"Studio Barre 57","2025-01-10, 10:15 AM","Supreme HQ, Bandra","Junior Trainer","4009.41","1250.00","0.00","1250.00","0.00","4","4","0","0","0","0","0.95","Nishanth","Raj","",""
"Studio Barre 57","2025-01-17, 10:15 AM","Supreme HQ, Bandra","Junior Trainer","82.74","1250.00","0.00","1250.00","0.00","3","3","0","0","0","1","0.95","Nishanth","Raj","",""
"💟 Studio Barre 57","2025-02-07, 10:15 AM","Supreme HQ, Bandra","Junior Trainer","371.64","1250.00","0.00","1250.00","0.00","2","2","0","0","0","0","0.95","Nishanth","Raj","",""
"Studio Barre 57","2025-01-24, 8:30 AM","Supreme HQ, Bandra","Junior Trainer","3005.49","1250.00","0.00","1250.00","0.00","7","7","0","0","0","0","0.95","Nishanth","Raj","",""
"Studio Barre 57","2025-02-07, 8:30 AM","Supreme HQ, Bandra","Junior Trainer","2487.19","1250.00","0.00","1250.00","0.00","5","3","0","0","2","1","0.95","Nishanth","Raj","",""
"Studio Barre 57","2025-01-10, 8:30 AM","Supreme HQ, Bandra","Junior Trainer","0.00","1250.00","0.00","1250.00","0.00","1","0","0","0","1","1","0.95","Nishanth","Raj","",""
"Studio Barre 57","2025-01-17, 8:30 AM","Supreme HQ, Bandra","Junior Trainer","5126.04","1250.00","0.00","1250.00","0.00","6","6","0","0","0","1","0.95","Nishanth","Raj","",""
"Studio Barre 57","2025-02-08, 4:00 PM","Supreme HQ, Bandra","Junior Trainer","449.88","1250.00","0.00","1250.00","0.00","1","1","0","0","0","0","0.95","Nishanth","Raj","",""
"Studio Barre 57","2025-01-25, 4:00 PM","Supreme HQ, Bandra","Junior Trainer","2746.81","1250.00","0.00","1250.00","0.00","4","1","0","0","3","0","0.95","Nishanth","Raj","",""
"Studio Barre 57","2025-02-01, 4:00 PM","Supreme HQ, Bandra","Junior Trainer","2265.61","1250.00","0.00","1250.00","0.00","4","2","0","0","2","0","0.95","Nishanth","Raj","",""
"Studio Barre 57","2025-01-11, 4:00 PM","Supreme HQ, Bandra","Junior Trainer","41.37","1250.00","0.00","1250.00","0.00","1","0","0","0","1","0","0.95","Nishanth","Raj","",""
"Studio Barre 57","2025-01-18, 4:00 PM","Supreme HQ, Bandra","Junior Trainer","1207.35","1250.00","0.00","1250.00","0.00","7","6","0","0","1","2","0.95","Nishanth","Raj","",""
"Studio Barre 57","2025-01-15, 7:15 PM","Supreme HQ, Bandra","Junior Trainer","2518.47","1250.00","0.00","1250.00","0.00","6","4","0","0","2","1","0.95","Nishanth","Raj","",""
"Studio Barre 57 Express","2025-01-15, 6:00 PM","Supreme HQ, Bandra","Junior Trainer","3248.54","1250.00","0.00","1250.00","0.00","5","5","0","0","0","0","0.75","Nishanth","Raj","",""
"Studio Cardio Barre","2025-02-01, 5:15 PM","Supreme HQ, Bandra","Junior Trainer","3323.62","1250.00","0.00","1250.00","0.00","6","3","0","0","3","1","0.95","Nishanth","Raj","",""
"Studio Cardio Barre","2025-01-18, 5:15 PM","Supreme HQ, Bandra","Junior Trainer","2284.43","1250.00","0.00","1250.00","0.00","4","2","0","0","2","1","0.95","Nishanth","Raj","",""
"💟 Studio Cardio Barre","2025-02-08, 5:15 PM","Supreme HQ, Bandra","Junior Trainer","656.47","1250.00","0.00","1250.00","0.00","3","2","0","0","1","0","0.95","Nishanth","Raj","",""
"Studio Cardio Barre","2025-01-25, 5:15 PM","Supreme HQ, Bandra","Junior Trainer","1713.89","1250.00","0.00","1250.00","0.00","5","4","0","0","1","1","0.95","Nishanth","Raj","",""
"Studio Cardio Barre ( Endurance Boost )","2025-01-11, 5:15 PM","Supreme HQ, Bandra","Junior Trainer","4055.09","1250.00","0.00","1250.00","0.00","6","6","0","0","0","1","0.95","Nishanth","Raj","",""
"Studio Barre 57","2025-01-07, 7:15 PM","Kwality House, Kemps Corner","Junior Trainer","6975.00","1250.00","0.00","1250.00","0.00","8","7","0","0","1","0","0.95","Nishanth","Raj","",""
"Studio Barre 57","2025-01-21, 7:15 PM","Kwality House, Kemps Corner","Junior Trainer","48.68","1250.00","0.00","1250.00","0.00","1","1","0","0","0","0","0.95","Nishanth","Raj","",""
"Studio Barre 57","2025-02-04, 7:15 PM","Kwality House, Kemps Corner","Junior Trainer","2452.72","1250.00","0.00","1250.00","0.00","3","3","0","0","0","0","0.95","Nishanth","Raj","",""
"Studio Barre 57","2025-01-14, 7:15 PM","Kwality House, Kemps Corner","Junior Trainer","4706.66","1250.00","0.00","1250.00","0.00","5","4","0","0","1","0","0.95","Nishanth","Raj","",""
"Studio Cardio Barre ( Remix land🎵 )","2025-02-04, 6:00 PM","Kwality House, Kemps Corner","Junior Trainer","575.46","1250.00","0.00","1250.00","0.00","3","3","0","0","0","1","0.95","Nishanth","Raj","",""
"Studio Cardio Barre","2025-01-21, 6:00 PM","Kwality House, Kemps Corner","Junior Trainer","0.00","1250.00","0.00","1250.00","0.00","0","0","0","0","0","0","0.95","Nishanth","Raj","",""
"Studio Cardio Barre","2025-01-07, 6:00 PM","Kwality House, Kemps Corner","Junior Trainer","7127.05","1250.00","0.00","1250.00","0.00","6","6","0","0","0","1","0.95","Nishanth","Raj","",""
"Studio Cardio Barre","2025-01-14, 6:00 PM","Kwality House, Kemps Corner","Junior Trainer","2600.27","1250.00","0.00","1250.00","0.00","4","3","0","0","1","1","0.95","Nishanth","Raj","",""
"Studio Cardio Barre","2025-01-04, 5:15 PM","Supreme HQ, Bandra","Junior Trainer","1054.48","1250.00","0.00","1250.00","0.00","4","2","0","0","2","1","0.95","Nishanth","Raj","",""
"Studio Barre 57","2025-01-04, 4:00 PM","Supreme HQ, Bandra","Junior Trainer","1611.63","1250.00","0.00","1250.00","0.00","3","2","0","0","1","0","0.95","Nishanth","Raj","",""
"Studio Barre 57","2025-01-03, 10:15 AM","Supreme HQ, Bandra","Junior Trainer","1353.47","1250.00","0.00","1250.00","0.00","5","4","0","0","1","0","0.95","Nishanth","Raj","",""
"Studio Barre 57","2025-01-03, 8:30 AM","Supreme HQ, Bandra","Junior Trainer","373.76","1250.00","0.00","1250.00","0.00","2","1","0","0","1","0","0.95","Nishanth","Raj","",""
"Studio Cardio Barre (New year New you)","2025-01-02, 6:45 PM","Kwality House, Kemps Corner","Junior Trainer","958.94","1250.00","0.00","1250.00","0.00","2","1","0","0","1","0","0.95","Nishanth","Raj","",""
"Studio Barre 57 Express","2025-01-02, 5:45 PM","Kwality House, Kemps Corner","Junior Trainer","1851.46","1250.00","0.00","1250.00","0.00","3","3","0","0","0","0","0.75","Nishanth","Raj","",""
"Studio Barre 57","2024-12-30, 11:30 AM","Supreme HQ, Bandra","Junior Trainer","1400.00","1250.00","0.00","1250.00","0.00","1","0","0","0","1","0","0.95","Nishanth","Raj","",""
"Studio Cardio Barre","2024-12-30, 10:00 AM","Supreme HQ, Bandra","Junior Trainer","801.45","1250.00","0.00","1250.00","0.00","4","4","0","0","0","1","0.95","Nishanth","Raj","",""
"Studio Barre 57","2024-12-30, 9:00 AM","Supreme HQ, Bandra","Junior Trainer","41.37","1250.00","0.00","1250.00","0.00","1","1","0","0","0","0","0.95","Nishanth","Raj","",""
"Studio Cardio Barre","2024-12-28, 5:15 PM","Supreme HQ, Bandra","Junior Trainer","593.21","1250.00","0.00","1250.00","0.00","3","3","0","0","0","0","0.95","Nishanth","Raj","",""
"Studio Barre 57","2024-12-28, 4:00 PM","Supreme HQ, Bandra","Junior Trainer","419.33","1250.00","0.00","1250.00","0.00","5","4","0","0","1","2","0.95","Nishanth","Raj","",""
"Studio Barre 57","2024-12-27, 10:15 AM","Supreme HQ, Bandra","Junior Trainer","958.03","1250.00","0.00","1250.00","0.00","2","2","0","0","0","0","0.95","Nishanth","Raj","",""
"Studio Barre 57","2024-12-27, 8:30 AM","Supreme HQ, Bandra","Junior Trainer","1876.31","1250.00","0.00","1250.00","0.00","3","3","0","0","0","0","0.95","Nishanth","Raj","",""
"Studio Cardio Barre","2024-12-26, 6:45 PM","Kwality House, Kemps Corner","Junior Trainer","1353.34","1250.00","0.00","1250.00","0.00","2","1","0","0","1","0","0.95","Nishanth","Raj","",""
"Studio Barre 57 Express","2024-12-26, 5:45 PM","Kwality House, Kemps Corner","Junior Trainer","3535.84","1250.00","0.00","1250.00","0.00","5","4","0","0","1","0","0.75","Nishanth","Raj","",""
"Studio Barre 57","2024-12-24, 7:15 PM","Kwality House, Kemps Corner","Junior Trainer","0.00","1250.00","0.00","1250.00","0.00","0","0","0","0","0","0","0.95","Nishanth","Raj","",""
"Studio Cardio Barre","2024-12-24, 6:00 PM","Kwality House, Kemps Corner","Junior Trainer","4187.90","1250.00","0.00","1250.00","0.00","5","5","0","0","0","0","0.95","Nishanth","Raj","",""
"Studio Cardio Barre","2024-12-21, 5:15 PM","Supreme HQ, Bandra","Junior Trainer","1361.92","1250.00","0.00","1250.00","0.00","1","1","0","0","0","0","0.95","Nishanth","Raj","",""
"Studio Barre 57","2024-12-21, 4:00 PM","Supreme HQ, Bandra","Junior Trainer","3705.63","1250.00","0.00","1250.00","0.00","7","5","0","0","2","1","0.95","Nishanth","Raj","",""
"Studio Barre 57","2024-12-20, 10:15 AM","Supreme HQ, Bandra","Junior Trainer","3526.24","1250.00","0.00","1250.00","0.00","4","4","0","0","0","1","0.95","Nishanth","Raj","",""
"Studio Barre 57","2024-12-20, 8:30 AM","Supreme HQ, Bandra","Junior Trainer","4760.50","1250.00","0.00","1250.00","0.00","4","3","0","0","1","0","0.95","Nishanth","Raj","",""
"Studio Cardio Barre","2024-12-19, 6:45 PM","Kwality House, Kemps Corner","Junior Trainer","1855.56","1250.00","0.00","1250.00","0.00","2","2","0","0","0","0","0.95","Nishanth","Raj","",""
"Studio Barre 57 Express","2024-12-19, 5:45 PM","Kwality House, Kemps Corner","Junior Trainer","2389.12","1250.00","0.00","1250.00","0.00","3","3","0","0","0","1","0.75","Nishanth","Raj","",""
"Studio Barre 57","2024-12-17, 7:15 PM","Kwality House, Kemps Corner","Junior Trainer","3527.22","1250.00","0.00","1250.00","0.00","5","5","0","0","0","0","0.95","Nishanth","Raj","",""
"Studio Cardio Barre ","2024-12-17, 6:00 PM","Kwality House, Kemps Corner","Junior Trainer","4490.03","1250.00","0.00","1250.00","0.00","6","5","0","0","1","1","0.95","Nishanth","Raj","",""
"Studio Barre 57","2024-12-16, 10:15 AM","Kwality House, Kemps Corner","Junior Trainer","7.68","1250.00","0.00","1250.00","0.00","1","1","0","0","0","0","0.95","Nishanth","Raj","",""
"Studio Foundations","2024-12-16, 9:15 AM","Kwality House, Kemps Corner","Junior Trainer","0.00","1250.00","0.00","1250.00","0.00","0","0","0","0","0","0","0.83","Nishanth","Raj","",""
"Studio Barre 57","2024-12-16, 7:30 AM","Kwality House, Kemps Corner","Junior Trainer","4999.35","1250.00","0.00","1250.00","0.00","8","6","0","0","2","0","0.95","Nishanth","Raj","",""
"Studio Cardio Barre","2024-12-15, 5:00 PM","Kwality House, Kemps Corner","Junior Trainer","10072.93","1250.00","0.00","1250.00","0.00","9","8","0","0","1","0","0.95","Nishanth","Raj","",""
"Studio Barre 57 Express","2024-12-15, 4:00 PM","Kwality House, Kemps Corner","Junior Trainer","1400.00","1250.00","0.00","1250.00","0.00","1","1","0","0","0","0","0.75","Nishanth","Raj","",""
"Studio Cardio Barre ( Hiphop Hustle)","2024-12-14, 5:15 PM","Supreme HQ, Bandra","Junior Trainer","681.64","1250.00","0.00","1250.00","0.00","2","1","0","0","1","0","0.95","Nishanth","Raj","",""
"Studio Barre 57","2024-12-14, 4:00 PM","Supreme HQ, Bandra","Junior Trainer","2800.00","1250.00","0.00","1250.00","0.00","2","1","0","0","1","0","0.95","Nishanth","Raj","",""
"Studio Barre 57","2024-12-13, 10:15 AM","Supreme HQ, Bandra","Junior Trainer","1386.50","1250.00","0.00","1250.00","0.00","2","2","0","0","0","1","0.95","Nishanth","Raj","",""
"Studio Barre 57","2024-12-13, 8:30 AM","Supreme HQ, Bandra","Junior Trainer","1157.63","1250.00","0.00","1250.00","0.00","1","1","0","0","0","0","0.95","Nishanth","Raj","",""
"Studio Cardio Barre","2024-12-12, 6:45 PM","Kwality House, Kemps Corner","Junior Trainer","3388.66","1250.00","0.00","1250.00","0.00","4","4","0","0","0","0","0.95","Nishanth","Raj","",""
"Studio Barre 57 Express","2024-12-12, 5:45 PM","Kwality House, Kemps Corner","Junior Trainer","1471.68","1250.00","0.00","1250.00","0.00","3","2","0","0","1","0","0.75","Nishanth","Raj","",""
"Studio Barre 57","2024-12-10, 7:15 PM","Kwality House, Kemps Corner","Junior Trainer","2343.23","1250.00","0.00","1250.00","0.00","6","6","0","0","0","1","0.95","Nishanth","Raj","",""
"Studio Cardio Barre ( Hiphop hustle )","2024-12-10, 6:00 PM","Kwality House, Kemps Corner","Junior Trainer","2140.13","1250.00","0.00","1250.00","0.00","3","2","0","0","1","0","0.95","Nishanth","Raj","",""
"Studio Barre 57","2024-12-09, 7:00 PM","Supreme HQ, Bandra","Junior Trainer","1361.92","1250.00","0.00","1250.00","0.00","1","1","0","0","0","0","0.95","Nishanth","Raj","",""
"Studio Barre 57","2024-12-09, 5:45 PM","Supreme HQ, Bandra","Junior Trainer","1299.28","1250.00","0.00","1250.00","0.00","5","5","0","0","0","2","0.95","Nishanth","Raj","",""
"Studio Cardio Barre","2024-12-07, 5:15 PM","Supreme HQ, Bandra","Junior Trainer","1971.71","1250.00","0.00","1250.00","0.00","2","1","0","0","1","0","0.95","Nishanth","Raj","",""
"Studio Barre 57","2024-12-07, 4:00 PM","Supreme HQ, Bandra","Junior Trainer","1400.00","1250.00","0.00","1250.00","0.00","1","1","0","0","0","0","0.95","Nishanth","Raj","",""
"Studio Barre 57","2024-12-06, 10:15 AM","Supreme HQ, Bandra","Junior Trainer","3034.06","1250.00","0.00","1250.00","0.00","3","3","0","0","0","0","0.95","Nishanth","Raj","",""
"Studio Barre 57","2024-12-06, 8:30 AM","Supreme HQ, Bandra","Junior Trainer","2140.61","1250.00","0.00","1250.00","0.00","5","2","0","0","3","2","0.95","Nishanth","Raj","",""
"Studio Cardio Barre","2024-12-05, 6:45 PM","Kwality House, Kemps Corner","Junior Trainer","1400.00","1250.00","0.00","1250.00","0.00","1","1","0","0","0","0","0.95","Nishanth","Raj","",""
"Studio Barre 57 Express","2024-12-05, 5:45 PM","Kwality House, Kemps Corner","Junior Trainer","2464.72","1250.00","0.00","1250.00","0.00","6","6","0","0","0","2","0.75","Nishanth","Raj","",""
"Studio Barre 57","2024-12-03, 7:15 PM","Kwality House, Kemps Corner","Junior Trainer","0.00","1250.00","0.00","1250.00","0.00","0","0","0","0","0","0","0.95","Nishanth","Raj","",""
"Studio Cardio Barre","2024-12-03, 6:00 PM","Kwality House, Kemps Corner","Junior Trainer","1400.00","1250.00","0.00","1250.00","0.00","1","1","0","0","0","0","0.95","Nishanth","Raj","",""
"Studio Barre 57","2024-12-02, 10:15 AM","Kwality House, Kemps Corner","Junior Trainer","2277.05","1250.00","0.00","1250.00","0.00","3","3","0","0","0","1","0.95","Nishanth","Raj","",""
"Studio Foundations","2024-12-02, 9:15 AM","Kwality House, Kemps Corner","Junior Trainer","525.47","1250.00","0.00","1250.00","0.00","2","2","0","0","0","1","0.83","Nishanth","Raj","",""
"Studio Barre 57","2024-12-02, 7:30 AM","Kwality House, Kemps Corner","Junior Trainer","3108.16","1250.00","0.00","1250.00","0.00","6","5","0","0","1","0","0.95","Nishanth","Raj","",""
"Studio Cardio Barre","2024-11-30, 5:15 PM","Supreme HQ, Bandra","Junior Trainer","1981.71","1250.00","0.00","1250.00","0.00","4","4","0","0","0","0","0.95","Nishanth","Raj","",""
"Studio Barre 57","2024-11-30, 4:00 PM","Supreme HQ, Bandra","Junior Trainer","571.71","1250.00","0.00","1250.00","0.00","3","2","0","0","1","2","0.95","Nishanth","Raj","",""
"Studio Barre 57","2024-11-29, 10:15 AM","Supreme HQ, Bandra","Junior Trainer","5595.54","1250.00","0.00","1250.00","0.00","5","4","0","0","1","0","0.95","Nishanth","Raj","",""
"Studio Barre 57","2024-11-29, 8:30 AM","Supreme HQ, Bandra","Junior Trainer","1400.00","1250.00","0.00","1250.00","0.00","2","2","0","0","0","1","0.95","Nishanth","Raj","",""
"Studio Cardio Barre","2024-11-28, 6:45 PM","Kwality House, Kemps Corner","Junior Trainer","2524.47","1250.00","0.00","1250.00","0.00","2","2","0","0","0","0","0.95","Nishanth","Raj","",""
"Studio Barre 57 Express","2024-11-28, 5:45 PM","Kwality House, Kemps Corner","Junior Trainer","1256.56","1250.00","0.00","1250.00","0.00","2","2","0","0","0","0","0.75","Nishanth","Raj","",""
"Studio Barre 57","2024-11-26, 7:15 PM","Kwality House, Kemps Corner","Junior Trainer","1794.86","1250.00","0.00","1250.00","0.00","2","2","0","0","0","0","0.95","Nishanth","Raj","",""
"Studio Cardio Barre","2024-11-26, 6:00 PM","Kwality House, Kemps Corner","Junior Trainer","0.00","1250.00","0.00","1250.00","0.00","0","0","0","0","0","0","0.95","Nishanth","Raj","",""
"Studio Barre 57","2024-11-25, 7:00 PM","Supreme HQ, Bandra","Junior Trainer","2870.85","1250.00","0.00","1250.00","0.00","5","5","0","0","0","0","0.95","Nishanth","Raj","",""
"Studio Barre 57","2024-11-25, 5:45 PM","Supreme HQ, Bandra","Junior Trainer","1166.67","1250.00","0.00","1250.00","0.00","2","2","0","0","0","0","0.95","Nishanth","Raj","",""
"Studio Barre 57","2024-11-23, 5:15 PM","Kwality House, Kemps Corner","Junior Trainer","4141.07","1250.00","0.00","1250.00","0.00","7","5","0","0","2","0","0.95","Nishanth","Raj","",""
"Studio Cardio Barre","2024-11-23, 4:00 PM","Kwality House, Kemps Corner","Junior Trainer","470.10","1250.00","0.00","1250.00","0.00","2","1","0","0","1","0","0.95","Nishanth","Raj","",""
"Studio Barre 57","2024-11-22, 10:15 AM","Supreme HQ, Bandra","Junior Trainer","50.41","1250.00","0.00","1250.00","0.00","2","2","0","0","0","0","0.95","Nishanth","Raj","",""
"Studio Barre 57","2024-11-22, 8:30 AM","Supreme HQ, Bandra","Junior Trainer","3944.13","1250.00","0.00","1250.00","0.00","4","4","0","0","0","1","0.95","Nishanth","Raj","",""
"Studio Cardio Barre","2024-11-21, 6:45 PM","Kwality House, Kemps Corner","Junior Trainer","2168.29","1250.00","0.00","1250.00","0.00","2","2","0","0","0","0","0.95","Nishanth","Raj","",""
"Studio Barre 57 Express","2024-11-21, 5:45 PM","Kwality House, Kemps Corner","Junior Trainer","1861.06","1250.00","0.00","1250.00","0.00","2","2","0","0","0","0","0.75","Nishanth","Raj","",""
"Studio Barre 57","2024-11-19, 7:15 PM","Kwality House, Kemps Corner","Junior Trainer","4033.67","1250.00","0.00","1250.00","0.00","4","4","0","0","0","0","0.95","Nishanth","Raj","",""
"Studio Cardio Barre (Remix Land)","2024-11-19, 6:00 PM","Kwality House, Kemps Corner","Junior Trainer","3834.41","1250.00","0.00","1250.00","0.00","4","3","0","0","1","0","0.95","Nishanth","Raj","",""
"Studio Barre 57","2024-11-17, 11:30 AM","Kwality House, Kemps Corner","Junior Trainer","6139.12","1250.00","0.00","1250.00","0.00","11","8","0","0","3","0","0.95","Nishanth","Raj","",""
"Studio Cardio Barre","2024-11-17, 10:15 AM","Kwality House, Kemps Corner","Junior Trainer","4124.53","1250.00","0.00","1250.00","0.00","7","5","0","0","2","0","0.95","Nishanth","Raj","",""
"Studio Cardio Barre ( World Top 20 Hits )","2024-11-16, 5:15 PM","Supreme HQ, Bandra","Junior Trainer","3633.21","1250.00","0.00","1250.00","0.00","4","3","0","0","1","0","0.95","Nishanth","Raj","",""
"Studio Barre 57","2024-11-16, 4:00 PM","Supreme HQ, Bandra","Junior Trainer","1168.20","1250.00","0.00","1250.00","0.00","2","2","0","0","0","1","0.95","Nishanth","Raj","",""
"Studio Barre 57","2024-11-15, 10:15 AM","Supreme HQ, Bandra","Junior Trainer","649.67","1250.00","0.00","1250.00","0.00","1","1","0","0","0","0","0.95","Nishanth","Raj","",""
"Studio Barre 57","2024-11-15, 8:30 AM","Supreme HQ, Bandra","Junior Trainer","2348.69","1250.00","0.00","1250.00","0.00","2","2","0","0","0","0","0.95","Nishanth","Raj","",""
"Studio Cardio Barre","2024-11-14, 6:45 PM","Kwality House, Kemps Corner","Junior Trainer","2848.55","1250.00","0.00","1250.00","0.00","3","3","0","0","0","0","0.95","Nishanth","Raj","",""
"Studio Barre 57 Express","2024-11-14, 5:45 PM","Kwality House, Kemps Corner","Junior Trainer","1487.62","1250.00","0.00","1250.00","0.00","3","3","0","0","0","0","0.75","Nishanth","Raj","",""
"Studio Barre 57","2024-11-12, 7:15 PM","Kwality House, Kemps Corner","Junior Trainer","2915.24","1250.00","0.00","1250.00","0.00","6","6","0","0","0","2","0.95","Nishanth","Raj","",""
"Studio Cardio Barre","2024-11-12, 6:00 PM","Kwality House, Kemps Corner","Junior Trainer","3029.34","1250.00","0.00","1250.00","0.00","4","4","0","0","0","0","0.95","Nishanth","Raj","",""
"Studio Cardio Barre","2024-11-10, 5:00 PM","Kwality House, Kemps Corner","Junior Trainer","4740.37","1250.00","0.00","1250.00","0.00","4","4","0","0","0","0","0.95","Nishanth","Raj","",""
"Studio Barre 57 Express","2024-11-10, 4:00 PM","Kwality House, Kemps Corner","Junior Trainer","881.55","1250.00","0.00","1250.00","0.00","4","4","0","0","0","0","0.75","Nishanth","Raj","",""
"Studio Cardio Barre","2024-11-09, 5:15 PM","Supreme HQ, Bandra","Junior Trainer","268.31","1250.00","0.00","1250.00","0.00","2","1","0","0","1","0","0.95","Nishanth","Raj","",""
"Studio Barre 57","2024-11-09, 4:00 PM","Supreme HQ, Bandra","Junior Trainer","2591.06","1250.00","0.00","1250.00","0.00","2","1","0","0","1","0","0.95","Nishanth","Raj","",""
"Studio Barre 57","2024-11-08, 10:15 AM","Supreme HQ, Bandra","Junior Trainer","1157.63","1250.00","0.00","1250.00","0.00","1","1","0","0","0","0","0.95","Nishanth","Raj","",""
"Studio Barre 57","2024-11-08, 8:30 AM","Supreme HQ, Bandra","Junior Trainer","0.00","1250.00","0.00","1250.00","0.00","0","0","0","0","0","0","0.95","Nishanth","Raj","",""
"Studio Cardio Barre (  Panic at the disco )","2024-11-07, 6:45 PM","Kwality House, Kemps Corner","Junior Trainer","2360.86","1250.00","0.00","1250.00","0.00","2","2","0","0","0","0","0.95","Nishanth","Raj","",""
"Studio Barre 57 Express","2024-11-07, 5:45 PM","Kwality House, Kemps Corner","Junior Trainer","3237.27","1250.00","0.00","1250.00","0.00","5","5","0","0","0","0","0.75","Nishanth","Raj","",""
"Studio Barre 57","2024-11-05, 7:15 PM","Kwality House, Kemps Corner","Junior Trainer","6488.47","1250.00","0.00","1250.00","0.00","7","7","0","0","0","1","0.95","Nishanth","Raj","",""
"Studio Cardio Barre","2024-11-05, 6:00 PM","Kwality House, Kemps Corner","Junior Trainer","1016.68","1250.00","0.00","1250.00","0.00","4","1","0","0","3","0","0.95","Nishanth","Raj","",""
"Studio Cardio Barre","2024-10-22, 6:00 PM","Kwality House, Kemps Corner","Junior Trainer","0.00","1250.00","0.00","1250.00","0.00","0","0","0","0","0","0","0.95","Nishanth","Raj","",""
"Studio Cardio Barre","2024-10-15, 6:00 PM","Kwality House, Kemps Corner","Junior Trainer","2027.07","1250.00","0.00","1250.00","0.00","3","2","0","0","1","1","0.95","Nishanth","Raj","",""
"Studio Cardio Barre","2024-10-29, 6:00 PM","Kwality House, Kemps Corner","Junior Trainer","3848.26","1250.00","0.00","1250.00","0.00","4","4","0","0","0","0","0.95","Nishanth","Raj","",""
"Studio Barre 57","2024-10-29, 7:15 PM","Kwality House, Kemps Corner","Junior Trainer","1212.09","1250.00","0.00","1250.00","0.00","3","2","0","0","1","0","0.95","Nishanth","Raj","",""
"Studio Foundations","2024-10-28, 11:30 AM","Supreme HQ, Bandra","Junior Trainer","38.94","1250.00","0.00","1250.00","0.00","1","0","0","0","1","0","0.83","Nishanth","Raj","",""
"Studio Cardio Barre","2024-10-28, 10:00 AM","Supreme HQ, Bandra","Junior Trainer","0.00","1250.00","0.00","1250.00","0.00","0","0","0","0","0","0","0.95","Nishanth","Raj","",""
"Studio Barre 57","2024-10-28, 9:00 AM","Supreme HQ, Bandra","Junior Trainer","7561.37","1250.00","0.00","1250.00","0.00","7","7","0","0","0","0","0.95","Nishanth","Raj","",""
"Studio Barre 57","2024-10-27, 5:00 PM","Supreme HQ, Bandra","Junior Trainer","1324.96","1250.00","0.00","1250.00","0.00","3","3","0","0","0","0","0.95","Nishanth","Raj","",""
"Studio Cardio Barre Express","2024-10-27, 4:00 PM","Supreme HQ, Bandra","Junior Trainer","0.00","1250.00","0.00","1250.00","0.00","0","0","0","0","0","0","0.75","Nishanth","Raj","",""
"Studio Barre 57","2024-10-25, 10:15 AM","Supreme HQ, Bandra","Junior Trainer","1742.69","1250.00","0.00","1250.00","0.00","3","1","0","0","1","0","0.95","Nishanth","Raj","",""
"Studio Barre 57","2024-10-25, 8:30 AM","Supreme HQ, Bandra","Junior Trainer","0.00","1250.00","0.00","1250.00","0.00","0","0","0","0","0","0","0.95","Nishanth","Raj","",""
"Studio Barre 57","2024-10-22, 7:15 PM","Kwality House, Kemps Corner","Junior Trainer","1861.39","1250.00","0.00","1250.00","0.00","3","2","0","0","1","0","0.95","Nishanth","Raj","",""
"Studio Cardio Barre","2024-10-20, 5:00 PM","Kwality House, Kemps Corner","Junior Trainer","1213.45","1250.00","0.00","1250.00","0.00","2","2","0","0","0","0","0.95","Nishanth","Raj","",""
"Studio Barre 57 Express","2024-10-20, 4:00 PM","Kwality House, Kemps Corner","Junior Trainer","2788.16","1250.00","0.00","1250.00","0.00","4","1","0","0","3","0","0.75","Nishanth","Raj","",""
"Studio Cardio Barre","2024-10-19, 11:30 AM","Kwality House, Kemps Corner","Junior Trainer","3062.74","1250.00","0.00","1250.00","0.00","5","5","0","0","0","0","0.95","Nishanth","Raj","",""
"Studio Foundations","2024-10-19, 10:30 AM","Kwality House, Kemps Corner","Junior Trainer","7620.32","1250.00","0.00","1250.00","0.00","10","9","0","0","1","3","0.83","Nishanth","Raj","",""
"Studio Barre 57 Express","2024-10-19, 9:15 AM","Kwality House, Kemps Corner","Junior Trainer","3066.07","1250.00","0.00","1250.00","0.00","3","3","0","0","0","0","0.75","Nishanth","Raj","",""
"Studio Barre 57","2024-10-15, 7:15 PM","Kwality House, Kemps Corner","Junior Trainer","1588.08","1250.00","0.00","1250.00","0.00","2","1","0","0","1","0","0.95","Nishanth","Raj","",""