"Class name","Class date","Location","Payrate","Total Revenue","Base Payout","Additional Payout","Total Payout","Tip","Participants","Checked in","Comps","Checked In Comps","Late cancellations","Non Paid Customers","Time (h)","Teacher First Name","Teacher Last Name","Employee Code","Payrate Code"
"Studio Recovery","2025-03-18, 8:00 PM","Supreme HQ, Bandra","Full Time","4937.60","0.00","0.00","0.00","0.00","12","8","0","0","4","0","0.50","Saniya","Jaiswal","",""
"powerCycle Express","2025-03-18, 7:15 PM","Supreme HQ, Bandra","Full Time","2311.81","0.00","0.00","0.00","0.00","12","6","0","0","6","0","0.67","Saniya","Jaiswal","",""
"powerCycle","2025-03-18, 6:00 PM","Supreme HQ, Bandra","Full Time","793.42","0.00","0.00","0.00","0.00","2","0","0","0","2","0","0.83","Saniya","Jaiswal","",""
"Studio Recovery","2025-03-11, 8:00 PM","Supreme HQ, Bandra","Full Time","2900.82","0.00","0.00","0.00","0.00","10","7","0","0","3","0","0.50","Saniya","Jaiswal","",""
"powerCycle Express","2025-03-11, 7:15 PM","Supreme HQ, Bandra","Full Time","1384.38","0.00","0.00","0.00","0.00","9","5","0","0","4","0","0.67","Saniya","Jaiswal","",""
"powerCycle","2025-03-11, 6:00 PM","Supreme HQ, Bandra","Full Time","1770.00","0.00","0.00","0.00","0.00","1","1","0","0","0","0","0.83","Saniya","Jaiswal","",""
"Studio Barre 57","2025-03-08, 11:30 AM","Supreme HQ, Bandra","Full Time","8453.57","0.00","0.00","0.00","0.00","13","10","0","0","3","6","0.95","Saniya","Jaiswal","",""
"Studio FIT","2025-03-08, 10:15 AM","Supreme HQ, Bandra","Full Time","5250.07","0.00","0.00","0.00","0.00","12","8","0","0","4","1","0.83","Saniya","Jaiswal","",""
"Studio Foundations","2025-03-08, 9:00 AM","Supreme HQ, Bandra","Full Time","428.10","0.00","0.00","0.00","0.00","3","0","0","0","3","0","0.75","Saniya","Jaiswal","",""
"Studio Mat 57","2025-03-07, 11:00 AM","Supreme HQ, Bandra","Full Time","2099.83","0.00","0.00","0.00","0.00","2","1","0","0","1","0","0.95","Saniya","Jaiswal","",""
"Studio FIT","2025-03-07, 9:00 AM","Supreme HQ, Bandra","Full Time","4436.04","0.00","0.00","0.00","0.00","12","7","0","0","5","0","0.83","Saniya","Jaiswal","",""
"Studio Back Body Blaze Express","2025-03-07, 7:30 AM","Supreme HQ, Bandra","Full Time","1803.72","0.00","0.00","0.00","0.00","5","2","0","0","3","0","0.75","Saniya","Jaiswal","",""
"powerCycle Express","2025-02-20, 10:30 AM","Supreme HQ, Bandra","Full Time","965.31","0.00","0.00","0.00","0.00","3","3","0","0","0","0","0.67","Saniya","Jaiswal","",""
"Studio Barre 57","2025-02-20, 9:00 AM","Supreme HQ, Bandra","Full Time","1527.36","0.00","0.00","0.00","0.00","4","2","0","0","2","0","0.95","Saniya","Jaiswal","",""
"Studio Cardio Barre Express","2025-02-20, 7:45 AM","Supreme HQ, Bandra","Full Time","2767.92","0.00","0.00","0.00","0.00","4","3","0","0","1","0","0.75","Saniya","Jaiswal","",""
"Studio FIT","2025-02-19, 11:00 AM","Supreme HQ, Bandra","Full Time","897.96","0.00","0.00","0.00","0.00","5","3","0","0","2","0","0.83","Saniya","Jaiswal","",""
"Studio Back Body Blaze","2025-02-19, 8:45 AM","Supreme HQ, Bandra","Full Time","146.39","0.00","0.00","0.00","0.00","4","3","0","0","1","0","0.95","Saniya","Jaiswal","",""
"Studio Barre 57","2025-02-19, 7:30 AM","Supreme HQ, Bandra","Full Time","1174.82","0.00","0.00","0.00","0.00","4","2","0","0","2","0","0.95","Saniya","Jaiswal","",""
"Studio Back Body Blaze","2025-02-18, 11:00 AM","Supreme HQ, Bandra","Full Time","0.00","0.00","0.00","0.00","0.00","0","0","0","0","0","0","0.95","Saniya","Jaiswal","",""
"powerCycle","2025-02-18, 9:45 AM","Supreme HQ, Bandra","Full Time","851.90","0.00","0.00","0.00","0.00","4","0","0","0","4","0","0.83","Saniya","Jaiswal","",""
"powerCycle","2025-02-18, 8:00 AM","Supreme HQ, Bandra","Full Time","1980.31","0.00","0.00","0.00","0.00","3","3","0","0","0","0","0.83","Saniya","Jaiswal","",""
"powerCycle","2025-02-17, 7:30 PM","Supreme HQ, Bandra","Full Time","969.04","0.00","0.00","0.00","0.00","3","3","0","0","0","0","0.22","Saniya","Jaiswal","",""
"powerCycle ( G.O.A.T. Collab )","2025-02-17, 6:00 PM","Supreme HQ, Bandra","Full Time","6423.25","0.00","0.00","0.00","0.00","11","8","0","0","3","1","0.83","Saniya","Jaiswal","",""
"Studio Barre 57","2025-02-13, 7:15 PM","Kwality House, Kemps Corner","Full Time","1795.19","0.00","0.00","0.00","0.00","4","4","0","0","0","1","0.95","Saniya","Jaiswal","",""
"Studio Back Body Blaze Express","2025-02-13, 6:15 PM","Kwality House, Kemps Corner","Full Time","6359.76","0.00","0.00","0.00","0.00","12","11","0","0","1","0","0.75","Saniya","Jaiswal","",""
"💟 Studio FIT","2025-02-12, 11:00 AM","Supreme HQ, Bandra","Full Time","2465.52","0.00","0.00","0.00","0.00","6","4","0","0","2","0","0.83","Saniya","Jaiswal","",""
"Studio Back Body Blaze","2025-02-12, 8:45 AM","Supreme HQ, Bandra","Full Time","15.01","0.00","0.00","0.00","0.00","1","1","0","0","0","0","0.95","Saniya","Jaiswal","",""
"Studio Barre 57","2025-02-12, 7:30 AM","Supreme HQ, Bandra","Full Time","1610.28","0.00","0.00","0.00","0.00","4","4","0","0","0","0","0.95","Saniya","Jaiswal","",""
"Studio Back Body Blaze","2025-02-11, 11:00 AM","Supreme HQ, Bandra","Full Time","502.43","0.00","0.00","0.00","0.00","2","2","0","0","0","0","0.95","Saniya","Jaiswal","",""
"💟 powerCycle","2025-02-11, 9:45 AM","Supreme HQ, Bandra","Full Time","836.58","0.00","0.00","0.00","0.00","2","2","0","0","0","0","0.83","Saniya","Jaiswal","",""
"powerCycle","2025-02-11, 8:00 AM","Supreme HQ, Bandra","Full Time","43.63","0.00","0.00","0.00","0.00","1","0","0","0","1","0","0.83","Saniya","Jaiswal","",""
"powerCycle","2025-02-10, 7:30 PM","Supreme HQ, Bandra","Full Time","87.57","0.00","0.00","0.00","0.00","2","1","0","0","1","0","0.22","Saniya","Jaiswal","",""
"💟 powerCycle","2025-02-10, 6:00 PM","Supreme HQ, Bandra","Full Time","3350.69","0.00","0.00","0.00","0.00","9","8","0","0","1","1","0.83","Saniya","Jaiswal","",""
"Studio Barre 57","2025-01-30, 7:15 PM","Kwality House, Kemps Corner","Full Time","7129.83","0.00","0.00","0.00","0.00","7","7","0","0","0","0","0.95","Saniya","Jaiswal","",""
"Studio Barre 57","2025-01-23, 7:15 PM","Kwality House, Kemps Corner","Full Time","1663.64","0.00","0.00","0.00","0.00","9","8","0","0","1","3","0.95","Saniya","Jaiswal","",""
"Studio Back Body Blaze Express","2025-01-23, 6:15 PM","Kwality House, Kemps Corner","Full Time","2389.03","0.00","0.00","0.00","0.00","7","5","0","0","2","0","0.75","Saniya","Jaiswal","",""
"Studio Back Body Blaze Express","2025-01-30, 6:15 PM","Kwality House, Kemps Corner","Full Time","5668.33","0.00","0.00","0.00","0.00","7","7","0","0","0","0","0.75","Saniya","Jaiswal","",""
"Studio Amped Up! ( Move with Coldplay)","2025-01-16, 11:00 AM","Kwality House, Kemps Corner","Full Time","5050.36","0.00","0.00","0.00","0.00","7","5","0","0","2","0","0.95","Saniya","Jaiswal","",""
"Studio Barre 57 Express","2025-01-09, 11:00 AM","Supreme HQ, Bandra","Full Time","4007.40","0.00","0.00","0.00","0.00","8","6","0","0","2","2","0.75","Saniya","Jaiswal","",""
"Studio Mat 57","2025-01-09, 9:30 AM","Supreme HQ, Bandra","Full Time","6039.20","0.00","0.00","0.00","0.00","10","4","0","0","6","0","0.95","Saniya","Jaiswal","",""
"Studio Barre 57","2025-01-16, 9:15 AM","Kwality House, Kemps Corner","Full Time","6291.49","0.00","0.00","0.00","0.00","10","9","0","0","1","1","0.95","Saniya","Jaiswal","",""
"Studio HIIT","2025-01-16, 8:00 AM","Kwality House, Kemps Corner","Full Time","737.93","0.00","0.00","0.00","0.00","5","3","0","0","2","0","0.75","Saniya","Jaiswal","",""
"powerCycle","2025-01-09, 8:00 AM","Supreme HQ, Bandra","Full Time","5559.98","0.00","0.00","0.00","0.00","7","6","0","0","1","1","0.83","Saniya","Jaiswal","",""
"Studio Barre 57","2025-01-31, 10:00 AM","Supreme HQ, Bandra","Full Time","447.89","0.00","0.00","0.00","0.00","3","2","0","0","1","0","0.95","Saniya","Jaiswal","",""
"Studio Barre 57","2025-01-31, 8:30 AM","Supreme HQ, Bandra","Full Time","87.44","0.00","0.00","0.00","0.00","2","1","0","0","1","0","0.95","Saniya","Jaiswal","",""
"Studio FIT","2025-01-15, 11:00 AM","Supreme HQ, Bandra","Full Time","3202.44","0.00","0.00","0.00","0.00","4","3","0","0","1","0","0.83","Saniya","Jaiswal","",""
"Studio FIT","2025-01-22, 11:00 AM","Supreme HQ, Bandra","Full Time","0.00","0.00","0.00","0.00","0.00","1","1","0","0","0","1","0.83","Saniya","Jaiswal","",""
"Studio FIT","2025-01-08, 11:00 AM","Supreme HQ, Bandra","Full Time","1527.96","0.00","0.00","0.00","0.00","3","3","0","0","0","0","0.83","Saniya","Jaiswal","",""
"Studio FIT","2025-01-29, 11:00 AM","Supreme HQ, Bandra","Full Time","1998.46","0.00","0.00","0.00","0.00","4","3","0","0","1","0","0.83","Saniya","Jaiswal","",""
"Studio Back Body Blaze","2025-01-08, 8:45 AM","Supreme HQ, Bandra","Full Time","2766.05","0.00","0.00","0.00","0.00","5","4","0","0","1","0","0.95","Saniya","Jaiswal","",""
"Studio Back Body Blaze","2025-01-15, 8:45 AM","Supreme HQ, Bandra","Full Time","3109.02","0.00","0.00","0.00","0.00","4","3","0","0","1","0","0.95","Saniya","Jaiswal","",""
"Studio Back Body Blaze","2025-01-22, 8:45 AM","Supreme HQ, Bandra","Full Time","1528.17","0.00","0.00","0.00","0.00","2","1","0","0","1","0","0.95","Saniya","Jaiswal","",""
"Studio Back Body Blaze","2025-01-29, 8:45 AM","Supreme HQ, Bandra","Full Time","3631.39","0.00","0.00","0.00","0.00","5","3","0","0","2","0","0.95","Saniya","Jaiswal","",""
"Studio Barre 57","2025-01-15, 7:30 AM","Supreme HQ, Bandra","Full Time","1530.61","0.00","0.00","0.00","0.00","3","3","0","0","0","1","0.95","Saniya","Jaiswal","",""
"Studio Barre 57","2025-01-29, 7:30 AM","Supreme HQ, Bandra","Full Time","3538.02","0.00","0.00","0.00","0.00","7","5","0","0","2","2","0.95","Saniya","Jaiswal","",""
"Studio Barre 57","2025-01-08, 7:30 AM","Supreme HQ, Bandra","Full Time","43.81","0.00","0.00","0.00","0.00","1","1","0","0","0","0","0.95","Saniya","Jaiswal","",""
"Studio Barre 57","2025-01-22, 7:30 AM","Supreme HQ, Bandra","Full Time","2181.13","0.00","0.00","0.00","0.00","3","3","0","0","0","0","0.95","Saniya","Jaiswal","",""
"Studio Back Body Blaze","2025-01-07, 11:00 AM","Supreme HQ, Bandra","Full Time","3611.05","0.00","0.00","0.00","0.00","5","3","0","0","2","0","0.95","Saniya","Jaiswal","",""
"Studio Back Body Blaze","2025-02-04, 11:00 AM","Supreme HQ, Bandra","Full Time","763.35","0.00","0.00","0.00","0.00","3","2","0","0","1","0","0.95","Saniya","Jaiswal","",""
"Studio Back Body Blaze","2025-01-14, 11:00 AM","Supreme HQ, Bandra","Full Time","2131.00","0.00","0.00","0.00","0.00","3","1","0","0","2","0","0.95","Saniya","Jaiswal","",""
"Studio Back Body Blaze","2025-01-28, 11:00 AM","Supreme HQ, Bandra","Full Time","4098.77","0.00","0.00","0.00","0.00","6","5","0","0","1","0","0.95","Saniya","Jaiswal","",""
"Studio Back Body Blaze","2025-01-21, 11:00 AM","Supreme HQ, Bandra","Full Time","2757.93","0.00","0.00","0.00","0.00","2","2","0","0","0","0","0.95","Saniya","Jaiswal","",""
"powerCycle","2025-02-04, 9:45 AM","Supreme HQ, Bandra","Full Time","4499.51","0.00","0.00","0.00","0.00","7","5","0","0","2","1","0.83","Saniya","Jaiswal","",""
"powerCycle","2025-01-21, 9:45 AM","Supreme HQ, Bandra","Full Time","3360.32","0.00","0.00","0.00","0.00","4","3","0","0","1","1","0.83","Saniya","Jaiswal","",""
"powerCycle","2025-01-14, 9:45 AM","Supreme HQ, Bandra","Full Time","1500.00","0.00","0.00","0.00","0.00","2","2","0","0","0","1","0.83","Saniya","Jaiswal","",""
"powerCycle","2025-01-07, 9:45 AM","Supreme HQ, Bandra","Full Time","600.70","0.00","0.00","0.00","0.00","3","1","0","0","2","0","0.83","Saniya","Jaiswal","",""
"powerCycle","2025-01-28, 9:45 AM","Supreme HQ, Bandra","Full Time","1557.84","0.00","0.00","0.00","0.00","3","0","0","0","3","0","0.83","Saniya","Jaiswal","",""
"💟 powerCycle ( Rock-a-thon )","2025-02-04, 8:00 AM","Supreme HQ, Bandra","Full Time","1986.41","0.00","0.00","0.00","0.00","6","3","0","0","3","0","0.83","Saniya","Jaiswal","",""
"powerCycle","2025-01-07, 8:00 AM","Supreme HQ, Bandra","Full Time","1892.99","0.00","0.00","0.00","0.00","3","3","0","0","0","0","0.83","Saniya","Jaiswal","",""
"powerCycle","2025-01-28, 8:00 AM","Supreme HQ, Bandra","Full Time","4440.58","0.00","0.00","0.00","0.00","5","4","0","0","1","0","0.83","Saniya","Jaiswal","",""
"powerCycle","2025-01-21, 8:00 AM","Supreme HQ, Bandra","Full Time","2986.80","0.00","0.00","0.00","0.00","2","2","0","0","0","0","0.83","Saniya","Jaiswal","",""
"powerCycle","2025-01-14, 8:00 AM","Supreme HQ, Bandra","Full Time","1984.19","0.00","0.00","0.00","0.00","3","1","0","0","2","0","0.83","Saniya","Jaiswal","",""
"powerCycle","2025-01-27, 7:30 PM","Supreme HQ, Bandra","Full Time","3530.36","0.00","0.00","0.00","0.00","5","5","0","0","0","0","0.22","Saniya","Jaiswal","",""
"powerCycle","2025-01-20, 7:30 PM","Supreme HQ, Bandra","Full Time","4230.89","0.00","0.00","0.00","0.00","6","3","0","0","3","0","0.83","Saniya","Jaiswal","",""
"powerCycle","2025-02-03, 7:30 PM","Supreme HQ, Bandra","Full Time","3726.54","0.00","0.00","0.00","0.00","5","4","0","0","1","0","0.22","Saniya","Jaiswal","",""
"powerCycle","2025-01-06, 7:30 PM","Supreme HQ, Bandra","Full Time","2147.65","0.00","0.00","0.00","0.00","6","5","0","0","1","0","0.22","Saniya","Jaiswal","",""
"powerCycle","2025-01-13, 7:30 PM","Supreme HQ, Bandra","Full Time","992.64","0.00","0.00","0.00","0.00","4","4","0","0","0","0","0.22","Saniya","Jaiswal","",""
"powerCycle","2025-02-03, 6:00 PM","Supreme HQ, Bandra","Full Time","2164.55","0.00","0.00","0.00","0.00","4","2","0","0","2","0","0.83","Saniya","Jaiswal","",""
"powerCycle","2025-01-13, 6:00 PM","Supreme HQ, Bandra","Full Time","5620.38","0.00","0.00","0.00","0.00","9","7","0","0","2","1","0.83","Saniya","Jaiswal","",""
"powerCycle","2025-01-06, 6:00 PM","Supreme HQ, Bandra","Full Time","2114.26","0.00","0.00","0.00","0.00","8","7","0","0","1","1","0.83","Saniya","Jaiswal","",""
"powerCycle ( Fred again.. vs David Guetta )","2025-01-27, 6:00 PM","Supreme HQ, Bandra","Full Time","3034.00","0.00","0.00","0.00","0.00","6","5","0","0","1","0","0.83","Saniya","Jaiswal","",""
"powerCycle","2025-01-20, 6:00 PM","Supreme HQ, Bandra","Full Time","124.12","0.00","0.00","0.00","0.00","3","3","0","0","0","0","0.83","Saniya","Jaiswal","",""
"Studio Barre 57","2025-01-02, 7:15 PM","Kwality House, Kemps Corner","Full Time","1221.37","0.00","0.00","0.00","0.00","3","3","0","0","0","1","0.95","Saniya","Jaiswal","",""
"Studio Back Body Blaze Express","2025-01-02, 6:15 PM","Kwality House, Kemps Corner","Full Time","3632.24","0.00","0.00","0.00","0.00","6","6","0","0","0","0","0.75","Saniya","Jaiswal","",""
"Studio Pre/Post Natal Class","2024-12-30, 11:30 AM","Kwality House, Kemps Corner","Full Time","1386.50","0.00","0.00","0.00","0.00","1","1","0","0","0","0","0.95","Saniya","Jaiswal","",""
"Studio Mat 57","2024-12-30, 8:30 AM","Kwality House, Kemps Corner","Full Time","5048.20","0.00","0.00","0.00","0.00","11","10","0","0","1","0","0.95","Saniya","Jaiswal","",""
"Studio Mat 57","2024-12-20, 11:00 AM","Supreme HQ, Bandra","Full Time","309.68","0.00","0.00","0.00","0.00","3","2","0","0","1","0","0.95","Saniya","Jaiswal","",""
"Studio FIT","2024-12-20, 9:00 AM","Supreme HQ, Bandra","Full Time","8150.67","0.00","0.00","0.00","0.00","9","4","0","0","5","0","0.95","Saniya","Jaiswal","",""
"Studio Back Body Blaze Express","2024-12-20, 7:15 AM","Supreme HQ, Bandra","Full Time","43.81","0.00","0.00","0.00","0.00","1","1","0","0","0","0","0.75","Saniya","Jaiswal","",""
"Physique 57 x Henna Nathani's powerCycle Hosted class","2024-08-20, 5:45 PM","Supreme HQ, Bandra","Full Time","0.00","0.00","0.00","0.00","0.00","12","11","0","0","1","12","0.83","Saniya","Jaiswal","",""
"PowerCycle Express","2024-08-30, 10:00 AM","Supreme HQ, Bandra","Full Time","4172.72","0.00","0.00","0.00","0.00","5","4","0","0","1","0","0.67","Saniya","Jaiswal","",""
"PowerCycle Express","2024-08-23, 10:00 AM","Supreme HQ, Bandra","Full Time","2028.24","0.00","0.00","0.00","0.00","8","6","0","0","2","2","0.67","Saniya","Jaiswal","",""
"powerCycle","2024-08-23, 8:15 AM","Supreme HQ, Bandra","Full Time","2558.86","0.00","0.00","0.00","0.00","7","6","0","0","1","0","0.83","Saniya","Jaiswal","",""
"powerCycle","2024-08-30, 8:15 AM","Supreme HQ, Bandra","Full Time","1194.04","0.00","0.00","0.00","0.00","3","1","0","0","2","0","0.83","Saniya","Jaiswal","",""
"Studio Barre 57","2024-08-29, 7:15 PM","Kwality House, Kemps Corner","Full Time","6412.46","0.00","0.00","0.00","0.00","9","9","0","0","0","2","0.95","Saniya","Jaiswal","",""
"Studio Barre 57","2024-08-22, 7:15 PM","Kwality House, Kemps Corner","Full Time","10375.23","0.00","0.00","0.00","0.00","11","11","0","0","0","1","0.95","Saniya","Jaiswal","",""
"Studio Back Body Blaze Express","2024-08-29, 6:15 PM","Kwality House, Kemps Corner","Full Time","4458.12","0.00","0.00","0.00","0.00","10","9","0","0","1","0","0.75","Saniya","Jaiswal","",""
"Studio Back Body Blaze EXPRESS","2024-08-22, 6:15 PM","Kwality House, Kemps Corner","Full Time","8031.06","0.00","0.00","0.00","0.00","12","11","0","0","1","0","0.75","Saniya","Jaiswal","",""
"Studio FIT","2024-08-21, 11:30 AM","Kwality House, Kemps Corner","Full Time","8124.60","0.00","0.00","0.00","0.00","7","6","0","0","1","0","0.95","Saniya","Jaiswal","",""
"Studio Back Body Blaze","2024-08-21, 9:00 AM","Kwality House, Kemps Corner","Full Time","13316.64","0.00","0.00","0.00","0.00","18","17","0","0","1","0","0.95","Saniya","Jaiswal","",""
"PowerCycle Express","2024-08-14, 7:30 AM","Supreme HQ, Bandra","Full Time","4067.54","0.00","0.00","0.00","0.00","5","4","0","0","1","0","0.67","Saniya","Jaiswal","",""
"PowerCycle Express","2024-08-20, 7:15 PM","Supreme HQ, Bandra","Full Time","5795.62","0.00","0.00","0.00","0.00","6","4","0","0","2","0","0.67","Saniya","Jaiswal","",""
"powerCycle","2024-08-27, 8:00 AM","Supreme HQ, Bandra","Full Time","99.25","0.00","0.00","0.00","0.00","3","3","0","0","0","0","0.83","Saniya","Jaiswal","",""
"powerCycle","2024-08-13, 8:00 AM","Supreme HQ, Bandra","Full Time","4872.96","0.00","0.00","0.00","0.00","8","8","0","0","0","0","0.83","Saniya","Jaiswal","",""
"powerCycle","2024-08-09, 11:00 AM","Supreme HQ, Bandra","Full Time","41.37","0.00","0.00","0.00","0.00","2","2","0","0","0","1","0.75","Saniya","Jaiswal","",""
"powerCycle","2024-08-11, 10:00 AM","Supreme HQ, Bandra","Full Time","9212.57","0.00","0.00","0.00","0.00","15","12","0","0","3","1","0.75","Saniya","Jaiswal","",""
"P57 x Elixir's powerCycle Hosted Class","2024-08-11, 11:30 AM","Supreme HQ, Bandra","Full Time","0.00","0.00","0.00","0.00","0.00","11","11","0","0","0","11","0.75","Saniya","Jaiswal","",""
"Studio Mat 57","2024-08-28, 7:15 PM","Supreme HQ, Bandra","Full Time","3084.27","0.00","0.00","0.00","0.00","5","4","0","0","1","1","0.95","Saniya","Jaiswal","",""
"Studio FIT","2024-08-09, 9:00 AM","Supreme HQ, Bandra","Full Time","1897.76","0.00","0.00","0.00","0.00","3","2","0","0","1","0","0.95","Saniya","Jaiswal","",""
"P57 x Maia’s Hosted Class","2024-08-01, 12:30 PM","Kwality House, Kemps Corner","Full Time","0.00","0.00","0.00","0.00","0.00","6","2","0","0","4","6","0.95","Saniya","Jaiswal","",""
"Studio Mat 57","2024-08-30, 11:00 AM","Supreme HQ, Bandra","Full Time","1094.93","0.00","0.00","0.00","0.00","5","3","0","0","2","0","0.95","Saniya","Jaiswal","",""
"Studio Back Body Blaze EXPRESS","2024-08-28, 6:15 PM","Supreme HQ, Bandra","Full Time","4510.71","0.00","0.00","0.00","0.00","9","7","0","0","2","0","0.75","Saniya","Jaiswal","",""
"Studio Barre 57","2024-08-27, 11:00 AM","Supreme HQ, Bandra","Full Time","4517.53","0.00","0.00","0.00","0.00","8","6","0","0","2","1","0.95","Saniya","Jaiswal","",""
"Studio Barre 57","2024-08-27, 9:15 AM","Supreme HQ, Bandra","Full Time","1117.38","0.00","0.00","0.00","0.00","2","2","0","0","0","0","0.95","Saniya","Jaiswal","",""
"Studio Cardio Barre Plus","2024-08-26, 11:30 AM","Kwality House, Kemps Corner","Full Time","4918.40","0.00","0.00","0.00","0.00","6","6","0","0","0","0","0.95","Saniya","Jaiswal","",""
"Studio Cardio Barre Plus","2024-08-12, 11:30 AM","Kwality House, Kemps Corner","Full Time","4185.44","0.00","0.00","0.00","0.00","8","8","0","0","0","1","0.95","Saniya","Jaiswal","",""
"Studio Cardio Barre Plus","2024-08-05, 11:30 AM","Kwality House, Kemps Corner","Full Time","5276.54","0.00","0.00","0.00","0.00","6","6","0","0","0","0","0.95","Saniya","Jaiswal","",""
"Studio Pre/Post Natal Class","2024-08-19, 11:30 AM","Kwality House, Kemps Corner","Full Time","1361.92","0.00","0.00","0.00","0.00","1","1","0","0","0","0","0.95","Saniya","Jaiswal","",""
"Studio SWEAT in 30","2024-08-26, 9:45 AM","Kwality House, Kemps Corner","Full Time","4521.29","0.00","0.00","0.00","0.00","6","5","0","0","1","0","0.50","Saniya","Jaiswal","",""
"Studio SWEAT in 30","2024-08-19, 9:45 AM","Kwality House, Kemps Corner","Full Time","1731.07","0.00","0.00","0.00","0.00","3","3","0","0","0","0","0.50","Saniya","Jaiswal","",""
"Studio SWEAT in 30","2024-08-12, 9:45 AM","Kwality House, Kemps Corner","Full Time","2152.05","0.00","0.00","0.00","0.00","5","5","0","0","0","0","0.50","Saniya","Jaiswal","",""
"Studio SWEAT in 30","2024-08-05, 9:45 AM","Kwality House, Kemps Corner","Full Time","1484.43","0.00","0.00","0.00","0.00","3","3","0","0","0","0","0.50","Saniya","Jaiswal","",""
"Studio Mat 57","2024-08-19, 8:30 AM","Kwality House, Kemps Corner","Full Time","8538.28","0.00","0.00","0.00","0.00","12","11","0","0","1","0","0.95","Saniya","Jaiswal","",""
"Studio Barre 57","2024-08-13, 11:00 AM","Supreme HQ, Bandra","Full Time","434.86","0.00","0.00","0.00","0.00","3","3","0","0","0","1","0.95","Saniya","Jaiswal","",""
"Studio Cardio Barre","2024-08-06, 9:45 AM","Supreme HQ, Bandra","Full Time","43.81","0.00","0.00","0.00","0.00","1","0","0","0","1","0","0.95","Saniya","Jaiswal","",""
"Studio Barre 57","2024-08-13, 9:15 AM","Supreme HQ, Bandra","Full Time","7234.65","0.00","0.00","0.00","0.00","8","5","0","0","2","0","0.95","Saniya","Jaiswal","",""
"Studio Mat 57","2024-08-06, 8:00 AM","Supreme HQ, Bandra","Full Time","3919.55","0.00","0.00","0.00","0.00","3","3","0","0","0","0","0.95","Saniya","Jaiswal","",""
"Studio Back Body Blaze EXPRESS","2024-08-14, 8:30 AM","Supreme HQ, Bandra","Full Time","2016.46","0.00","0.00","0.00","0.00","4","2","0","0","2","0","0.75","Saniya","Jaiswal","",""
"Studio Mat 57","2024-07-26, 11:00 AM","Supreme HQ, Bandra","Full Time","51.49","0.00","0.00","0.00","0.00","2","2","0","0","0","0","0.95","Saniya","Jaiswal","",""
"Studio Mat 57","2024-08-02, 11:00 AM","Supreme HQ, Bandra","Full Time","774.90","0.00","0.00","0.00","0.00","2","2","0","0","0","0","0.95","Saniya","Jaiswal","",""
"Studio FIT","2024-08-14, 10:30 AM","Supreme HQ, Bandra","Full Time","0.00","0.00","0.00","0.00","0.00","0","0","0","0","0","0","0.95","Saniya","Jaiswal","",""
"P57 x BA Hosted Class","2024-07-18, 6:00 PM","Kwality House, Kemps Corner","Full Time","0.00","0.00","0.00","0.00","0.00","12","11","0","0","1","12","0.95","Saniya","Jaiswal","",""
"Studio Barre 57","2024-07-18, 6:00 PM","Kwality House, Kemps Corner","Full Time","2694.17","0.00","0.00","0.00","0.00","4","3","0","0","1","0","0.95","Saniya","Jaiswal","",""
"Studio Barre 57","2024-08-08, 7:15 PM","Kwality House, Kemps Corner","Full Time","4578.18","0.00","0.00","0.00","0.00","7","6","0","0","1","0","0.95","Saniya","Jaiswal","",""
"Studio Back Body Blaze EXPRESS","2024-08-08, 6:15 PM","Kwality House, Kemps Corner","Full Time","6884.11","0.00","0.00","0.00","0.00","9","9","0","0","0","0","0.75","Saniya","Jaiswal","",""
"Studio Mat 57","2024-08-07, 7:15 PM","Kwality House, Kemps Corner","Full Time","13519.77","0.00","0.00","0.00","0.00","16","15","0","0","1","0","0.95","Saniya","Jaiswal","",""
"Studio Cardio Barre Express","2024-08-07, 6:00 PM","Kwality House, Kemps Corner","Full Time","1991.75","0.00","0.00","0.00","0.00","4","4","0","0","0","0","0.75","Saniya","Jaiswal","",""
"Studio Barre 57","2024-08-01, 7:15 PM","Kwality House, Kemps Corner","Full Time","8254.94","0.00","0.00","0.00","0.00","10","10","0","0","0","0","0.95","Saniya","Jaiswal","",""
"Studio Back Body Blaze EXPRESS","2024-08-01, 6:15 PM","Kwality House, Kemps Corner","Full Time","4216.22","0.00","0.00","0.00","0.00","10","9","0","0","1","0","0.75","Saniya","Jaiswal","",""
"Studio Barre 57","2024-07-18, 7:15 PM","Kwality House, Kemps Corner","Full Time","6976.70","0.00","0.00","0.00","0.00","8","8","0","0","0","0","0.95","Saniya","Jaiswal","",""
"Studio Barre 57","2024-07-11, 7:15 PM","Kwality House, Kemps Corner","Full Time","3259.23","0.00","0.00","0.00","0.00","9","9","0","0","0","1","0.95","Saniya","Jaiswal","",""
"Studio Barre 57","2024-07-04, 7:15 PM","Kwality House, Kemps Corner","Full Time","974.17","0.00","0.00","0.00","0.00","2","2","0","0","0","0","0.95","Saniya","Jaiswal","",""
"Studio Back Body Blaze EXPRESS","2024-07-11, 6:15 PM","Kwality House, Kemps Corner","Full Time","3977.82","0.00","0.00","0.00","0.00","8","6","0","0","2","0","0.75","Saniya","Jaiswal","",""
"Studio Back Body Blaze EXPRESS","2024-07-04, 6:15 PM","Kwality House, Kemps Corner","Full Time","6807.85","0.00","0.00","0.00","0.00","9","7","0","0","2","0","0.75","Saniya","Jaiswal","",""
"Studio FIT","2024-07-03, 11:30 AM","Kwality House, Kemps Corner","Full Time","2677.70","0.00","0.00","0.00","0.00","4","4","0","0","0","0","0.95","Saniya","Jaiswal","",""
"Studio SWEAT in 30","2024-07-12, 11:00 AM","Supreme HQ, Bandra","Full Time","2050.92","0.00","0.00","0.00","0.00","3","2","0","0","1","0","0.50","Saniya","Jaiswal","",""
"Studio SWEAT in 30","2024-07-19, 11:00 AM","Supreme HQ, Bandra","Full Time","1166.67","0.00","0.00","0.00","0.00","2","2","0","0","0","0","0.50","Saniya","Jaiswal","",""
"Studio SWEAT in 30","2024-07-05, 11:00 AM","Supreme HQ, Bandra","Full Time","1030.49","0.00","0.00","0.00","0.00","2","1","0","0","1","0","0.50","Saniya","Jaiswal","",""
"Studio FIT","2024-07-19, 9:00 AM","Supreme HQ, Bandra","Full Time","2839.35","0.00","0.00","0.00","0.00","4","2","0","0","2","0","0.95","Saniya","Jaiswal","",""
"Studio FIT","2024-07-12, 9:00 AM","Supreme HQ, Bandra","Full Time","0.00","0.00","0.00","0.00","0.00","0","0","0","0","0","0","0.95","Saniya","Jaiswal","",""
"Studio FIT","2024-07-26, 9:00 AM","Supreme HQ, Bandra","Full Time","1400.00","0.00","0.00","0.00","0.00","1","0","0","0","1","0","0.95","Saniya","Jaiswal","",""
"Studio FIT","2024-08-02, 9:00 AM","Supreme HQ, Bandra","Full Time","1040.47","0.00","0.00","0.00","0.00","3","2","0","0","1","0","0.95","Saniya","Jaiswal","",""
"Studio FIT","2024-07-05, 9:00 AM","Supreme HQ, Bandra","Full Time","43.81","0.00","0.00","0.00","0.00","1","0","0","0","1","0","0.95","Saniya","Jaiswal","",""
"Studio Pre/Post Natal Class","2024-07-01, 11:30 AM","Kwality House, Kemps Corner","Full Time","2761.92","0.00","0.00","0.00","0.00","2","2","0","0","0","0","0.95","Saniya","Jaiswal","",""
"Studio Cardio Barre Plus","2024-07-15, 11:30 AM","Kwality House, Kemps Corner","Full Time","6773.54","0.00","0.00","0.00","0.00","9","8","0","0","1","2","0.95","Saniya","Jaiswal","",""
"Studio Cardio Barre Plus","2024-07-29, 11:30 AM","Kwality House, Kemps Corner","Full Time","6483.15","0.00","0.00","0.00","0.00","9","9","0","0","0","0","0.95","Saniya","Jaiswal","",""
"Studio Cardio Barre Plus","2024-07-08, 11:30 AM","Kwality House, Kemps Corner","Full Time","5874.63","0.00","0.00","0.00","0.00","7","7","0","0","0","0","0.95","Saniya","Jaiswal","",""
"Studio SWEAT in 30","2024-07-29, 9:45 AM","Kwality House, Kemps Corner","Full Time","4183.18","0.00","0.00","0.00","0.00","6","5","0","0","1","0","0.50","Saniya","Jaiswal","",""
"Studio SWEAT in 30","2024-07-01, 9:45 AM","Kwality House, Kemps Corner","Full Time","4089.50","0.00","0.00","0.00","0.00","6","5","0","0","1","0","0.50","Saniya","Jaiswal","",""
"Studio SWEAT in 30","2024-07-08, 9:45 AM","Kwality House, Kemps Corner","Full Time","1927.09","0.00","0.00","0.00","0.00","4","3","0","0","1","0","0.50","Saniya","Jaiswal","",""
"Studio SWEAT in 30","2024-07-15, 9:45 AM","Kwality House, Kemps Corner","Full Time","963.73","0.00","0.00","0.00","0.00","4","2","0","0","1","0","0.50","Saniya","Jaiswal","",""
"Studio Cardio Barre","2024-07-16, 9:45 AM","Supreme HQ, Bandra","Full Time","2656.89","0.00","0.00","0.00","0.00","4","4","0","0","0","1","0.95","Saniya","Jaiswal","",""
"Studio Cardio Barre","2024-07-30, 9:45 AM","Supreme HQ, Bandra","Full Time","0.00","0.00","0.00","0.00","0.00","0","0","0","0","0","0","0.95","Saniya","Jaiswal","",""
"Studio Cardio Barre","2024-07-02, 9:45 AM","Supreme HQ, Bandra","Full Time","1202.27","0.00","0.00","0.00","0.00","2","1","0","0","1","0","0.95","Saniya","Jaiswal","",""
"Studio Cardio Barre","2024-07-23, 9:45 AM","Supreme HQ, Bandra","Full Time","0.00","0.00","0.00","0.00","0.00","0","0","0","0","0","0","0.95","Saniya","Jaiswal","",""
"Studio Cardio Barre","2024-07-09, 9:45 AM","Supreme HQ, Bandra","Full Time","0.00","0.00","0.00","0.00","0.00","0","0","0","0","0","0","0.95","Saniya","Jaiswal","",""
"Studio Mat 57","2024-07-30, 8:00 AM","Supreme HQ, Bandra","Full Time","4824.46","0.00","0.00","0.00","0.00","4","4","0","0","0","0","0.95","Saniya","Jaiswal","",""
"Studio Mat 57","2024-07-23, 8:00 AM","Supreme HQ, Bandra","Full Time","3919.55","0.00","0.00","0.00","0.00","3","3","0","0","0","0","0.95","Saniya","Jaiswal","",""
"Studio Mat 57","2024-07-02, 8:00 AM","Supreme HQ, Bandra","Full Time","7411.51","0.00","0.00","0.00","0.00","7","5","0","0","2","0","0.95","Saniya","Jaiswal","",""
"Studio Mat 57","2024-07-09, 8:00 AM","Supreme HQ, Bandra","Full Time","3756.12","0.00","0.00","0.00","0.00","3","3","0","0","0","0","0.95","Saniya","Jaiswal","",""
"Studio Mat 57","2024-07-16, 8:00 AM","Supreme HQ, Bandra","Full Time","2080.61","0.00","0.00","0.00","0.00","2","2","0","0","0","0","0.95","Saniya","Jaiswal","",""
"Studio SWEAT in 30","2024-06-28, 11:00 AM","Supreme HQ, Bandra","Full Time","2499.44","0.00","0.00","0.00","0.00","2","2","0","0","0","0","0.50","Saniya","Jaiswal","",""
"Studio Pre/Post Natal Class","2024-06-24, 11:30 AM","Kwality House, Kemps Corner","Full Time","1400.00","0.00","0.00","0.00","0.00","1","1","0","0","0","0","0.95","Saniya","Jaiswal","",""
"Nida’s Hosted Class at P57","2024-06-07, 5:00 PM","Supreme HQ, Bandra","Full Time","0.00","0.00","0.00","0.00","0.00","9","9","0","0","0","9","0.95","Saniya","Jaiswal","",""
"Studio Cardio Barre Express","2024-05-28, 10:45 AM","Supreme HQ, Bandra","Full Time","2598.49","0.00","0.00","0.00","0.00","3","3","0","0","0","1","0.75","Saniya","Jaiswal","",""
"Studio SWEAT in 30","2024-05-31, 11:00 AM","Supreme HQ, Bandra","Full Time","2080.28","0.00","0.00","0.00","0.00","3","2","0","0","1","0","0.50","Saniya","Jaiswal","",""
"P57 x Simone's Hosted Class","2024-05-28, 11:15 AM","Supreme HQ, Bandra","Full Time","0.00","0.00","0.00","0.00","0.00","13","13","0","0","0","13","0.95","Saniya","Jaiswal","",""
"Studio FIT","2024-06-28, 9:00 AM","Supreme HQ, Bandra","Full Time","2154.48","0.00","0.00","0.00","0.00","6","4","0","0","2","2","0.83","Saniya","Jaiswal","",""
"Studio Barre 57","2024-06-27, 7:15 PM","Kwality House, Kemps Corner","Full Time","1454.07","0.00","0.00","0.00","0.00","4","4","0","0","0","1","0.95","Saniya","Jaiswal","",""
"Studio Back Body Blaze EXPRESS","2024-06-27, 6:15 PM","Kwality House, Kemps Corner","Full Time","2268.88","0.00","0.00","0.00","0.00","5","4","0","0","1","0","0.75","Saniya","Jaiswal","",""
"Studio Cardio Barre","2024-06-25, 9:45 AM","Supreme HQ, Bandra","Full Time","3598.03","0.00","0.00","0.00","0.00","4","3","0","0","1","0","0.95","Saniya","Jaiswal","",""
"Studio Mat 57","2024-06-25, 8:00 AM","Supreme HQ, Bandra","Full Time","2285.75","0.00","0.00","0.00","0.00","3","1","0","0","2","0","0.95","Saniya","Jaiswal","",""
"Studio SWEAT in 30","2024-06-24, 9:45 AM","Kwality House, Kemps Corner","Full Time","2182.88","0.00","0.00","0.00","0.00","7","6","0","0","1","0","0.50","Saniya","Jaiswal","",""
"Studio Mat 57","2024-06-24, 8:30 AM","Kwality House, Kemps Corner","Full Time","9038.13","0.00","0.00","0.00","0.00","12","10","0","0","2","0","0.95","Saniya","Jaiswal","",""
"Studio Barre 57","2024-06-20, 7:15 PM","Kwality House, Kemps Corner","Full Time","2329.60","0.00","0.00","0.00","0.00","7","7","0","0","0","0","0.95","Saniya","Jaiswal","",""
"Studio Back Body Blaze EXPRESS","2024-06-20, 6:15 PM","Kwality House, Kemps Corner","Full Time","2207.84","0.00","0.00","0.00","0.00","5","5","0","0","0","0","0.75","Saniya","Jaiswal","",""
"P57 x Livingroom Story","2024-05-24, 10:15 AM","Supreme HQ, Bandra","Full Time","0.00","0.00","0.00","0.00","0.00","16","15","0","0","1","16","0.95","Saniya","Jaiswal","",""
"Studio Cardio Barre Plus","2024-06-17, 11:30 AM","Kwality House, Kemps Corner","Full Time","3694.54","0.00","0.00","0.00","0.00","6","5","0","0","1","0","0.95","Saniya","Jaiswal","",""
"Studio SWEAT in 30","2024-06-17, 9:45 AM","Kwality House, Kemps Corner","Full Time","969.70","0.00","0.00","0.00","0.00","4","4","0","0","0","0","0.50","Saniya","Jaiswal","",""
"Studio Barre 57","2024-06-13, 7:15 PM","Kwality House, Kemps Corner","Full Time","4907.85","0.00","0.00","0.00","0.00","5","5","0","0","0","0","0.95","Saniya","Jaiswal","",""
"Studio Back Body Blaze EXPRESS","2024-06-13, 6:15 PM","Kwality House, Kemps Corner","Full Time","4047.27","0.00","0.00","0.00","0.00","6","3","0","0","3","0","0.75","Saniya","Jaiswal","",""
"Studio Barre 57","2024-06-07, 7:00 PM","Supreme HQ, Bandra","Full Time","6218.49","0.00","0.00","0.00","0.00","11","9","0","0","2","3","0.95","Saniya","Jaiswal","",""
"Studio SWEAT in 30","2024-06-07, 6:30 PM","Supreme HQ, Bandra","Full Time","467.08","0.00","0.00","0.00","0.00","1","1","0","0","0","0","0.50","Saniya","Jaiswal","",""
"Studio SWEAT in 30","2024-06-14, 11:00 AM","Supreme HQ, Bandra","Full Time","1400.00","0.00","0.00","0.00","0.00","2","2","0","0","0","1","0.50","Saniya","Jaiswal","",""
"Studio Barre 57","2024-05-31, 9:00 AM","Supreme HQ, Bandra","Full Time","43.81","0.00","0.00","0.00","0.00","4","4","0","0","0","3","0.83","Saniya","Jaiswal","",""
"Studio FIT","2024-05-24, 9:00 AM","Supreme HQ, Bandra","Full Time","4200.00","0.00","0.00","0.00","0.00","6","6","0","0","0","3","0.83","Saniya","Jaiswal","",""
"Studio FIT","2024-06-21, 9:00 AM","Supreme HQ, Bandra","Full Time","256.96","0.00","0.00","0.00","0.00","2","1","0","0","1","0","0.83","Saniya","Jaiswal","",""
"Studio FIT","2024-06-14, 9:00 AM","Supreme HQ, Bandra","Full Time","4127.70","0.00","0.00","0.00","0.00","8","6","0","0","2","0","0.83","Saniya","Jaiswal","",""
"Studio Barre 57","2024-06-19, 11:00 AM","Supreme HQ, Bandra","Full Time","3086.76","0.00","0.00","0.00","0.00","4","4","0","0","0","0","0.95","Saniya","Jaiswal","",""
"Studio Cardio Barre","2024-06-19, 9:45 AM","Supreme HQ, Bandra","Full Time","1157.63","0.00","0.00","0.00","0.00","1","1","0","0","0","0","0.95","Saniya","Jaiswal","",""
"Studio Cardio Barre","2024-06-18, 9:45 AM","Supreme HQ, Bandra","Full Time","1468.68","0.00","0.00","0.00","0.00","4","2","0","0","2","1","0.95","Saniya","Jaiswal","",""
"Studio Cardio Barre","2024-06-04, 9:45 AM","Supreme HQ, Bandra","Full Time","3998.49","0.00","0.00","0.00","0.00","4","4","0","0","0","1","0.95","Saniya","Jaiswal","",""
"Studio Cardio Barre","2024-06-11, 9:45 AM","Supreme HQ, Bandra","Full Time","2000.54","0.00","0.00","0.00","0.00","2","1","0","0","1","0","0.95","Saniya","Jaiswal","",""
"Studio Mat 57","2024-06-11, 8:00 AM","Supreme HQ, Bandra","Full Time","2191.32","0.00","0.00","0.00","0.00","7","5","0","0","2","2","0.95","Saniya","Jaiswal","",""
"Studio Mat 57","2024-05-28, 8:00 AM","Supreme HQ, Bandra","Full Time","4439.97","0.00","0.00","0.00","0.00","4","4","0","0","0","0","0.95","Saniya","Jaiswal","",""
"Studio Mat 57","2024-06-04, 8:00 AM","Supreme HQ, Bandra","Full Time","5348.32","0.00","0.00","0.00","0.00","6","4","0","0","2","0","0.95","Saniya","Jaiswal","",""
"Studio Mat 57","2024-06-18, 8:00 AM","Supreme HQ, Bandra","Full Time","1656.96","0.00","0.00","0.00","0.00","3","1","0","0","2","0","0.95","Saniya","Jaiswal","",""
"Studio FIT","2024-06-12, 11:30 AM","Kwality House, Kemps Corner","Full Time","1443.81","0.00","0.00","0.00","0.00","2","2","0","0","0","0","0.95","Saniya","Jaiswal","",""
"Studio Barre 57","2024-06-12, 10:15 AM","Kwality House, Kemps Corner","Full Time","7385.51","0.00","0.00","0.00","0.00","8","8","0","0","0","1","0.95","Saniya","Jaiswal","",""
"Studio Cardio Barre Plus","2024-06-10, 11:30 AM","Kwality House, Kemps Corner","Full Time","1421.68","0.00","0.00","0.00","0.00","3","3","0","0","0","0","0.95","Saniya","Jaiswal","",""
"Studio SWEAT in 30","2024-06-10, 9:45 AM","Kwality House, Kemps Corner","Full Time","4019.44","0.00","0.00","0.00","0.00","4","3","0","0","1","0","0.50","Saniya","Jaiswal","",""
"Studio Barre 57","2024-06-06, 7:15 PM","Kwality House, Kemps Corner","Full Time","2801.02","0.00","0.00","0.00","0.00","4","3","0","0","1","1","0.95","Saniya","Jaiswal","",""
"Studio Back Body Blaze EXPRESS","2024-06-06, 6:15 PM","Kwality House, Kemps Corner","Full Time","2822.91","0.00","0.00","0.00","0.00","3","3","0","0","0","0","0.75","Saniya","Jaiswal","",""
"Studio Cardio Barre Plus","2024-06-03, 11:30 AM","Kwality House, Kemps Corner","Full Time","2426.48","0.00","0.00","0.00","0.00","6","6","0","0","0","0","0.95","Saniya","Jaiswal","",""
"Studio SWEAT in 30","2024-06-03, 9:45 AM","Kwality House, Kemps Corner","Full Time","392.12","0.00","0.00","0.00","0.00","1","1","0","0","0","0","0.50","Saniya","Jaiswal","",""
"Studio Barre 57","2024-05-30, 7:15 PM","Kwality House, Kemps Corner","Full Time","10846.25","0.00","0.00","0.00","0.00","11","11","0","0","0","1","0.95","Saniya","Jaiswal","",""
"Studio Back Body Blaze EXPRESS","2024-05-30, 6:15 PM","Kwality House, Kemps Corner","Full Time","3519.46","0.00","0.00","0.00","0.00","4","4","0","0","0","0","0.75","Saniya","Jaiswal","",""
"Studio Cardio Barre Plus","2024-05-27, 11:30 AM","Kwality House, Kemps Corner","Full Time","1736.77","0.00","0.00","0.00","0.00","5","5","0","0","0","1","0.95","Saniya","Jaiswal","",""
"Studio SWEAT in 30","2024-05-27, 9:45 AM","Kwality House, Kemps Corner","Full Time","2448.16","0.00","0.00","0.00","0.00","4","4","0","0","0","0","0.50","Saniya","Jaiswal","",""
"Studio Barre 57","2024-05-23, 7:15 PM","Kwality House, Kemps Corner","Full Time","3568.60","0.00","0.00","0.00","0.00","5","5","0","0","0","1","0.95","Saniya","Jaiswal","",""
"Studio Back Body Blaze EXPRESS","2024-05-23, 6:15 PM","Kwality House, Kemps Corner","Full Time","5586.50","0.00","0.00","0.00","0.00","5","5","0","0","0","1","0.75","Saniya","Jaiswal","",""
"Studio Barre 57","2024-04-18, 7:15 PM","Kwality House, Kemps Corner","Full Time","7785.00","0.00","0.00","0.00","0.00","7","7","0","0","0","0","0.95","Saniya","Jaiswal","",""
"Studio Barre 57","2024-05-02, 7:15 PM","Kwality House, Kemps Corner","Full Time","5533.57","0.00","0.00","0.00","0.00","8","7","0","0","1","0","0.95","Saniya","Jaiswal","",""
"Studio Barre 57","2024-04-25, 7:15 PM","Kwality House, Kemps Corner","Full Time","1777.25","0.00","0.00","0.00","0.00","5","5","0","0","0","2","0.95","Saniya","Jaiswal","",""
"Studio Back Body Blaze EXPRESS","2024-05-02, 6:15 PM","Kwality House, Kemps Corner","Full Time","5587.37","0.00","0.00","0.00","0.00","12","11","0","0","1","0","0.75","Saniya","Jaiswal","",""
"Studio Back Body Blaze EXPRESS","2024-04-25, 6:15 PM","Kwality House, Kemps Corner","Full Time","4760.47","0.00","0.00","0.00","0.00","7","6","0","0","1","0","0.75","Saniya","Jaiswal","",""
"Studio Back Body Blaze EXPRESS","2024-04-18, 6:15 PM","Kwality House, Kemps Corner","Full Time","2024.65","0.00","0.00","0.00","0.00","6","6","0","0","0","0","0.75","Saniya","Jaiswal","",""
"Studio SWEAT in 30","2024-04-22, 9:45 AM","Kwality House, Kemps Corner","Full Time","709.64","0.00","0.00","0.00","0.00","2","2","0","0","0","0","0.50","Saniya","Jaiswal","",""
"Studio SWEAT in 30","2024-04-29, 9:45 AM","Kwality House, Kemps Corner","Full Time","1860.31","0.00","0.00","0.00","0.00","4","2","0","0","0","0","0.50","Saniya","Jaiswal","",""
"Studio SWEAT in 30","2024-05-06, 9:45 AM","Kwality House, Kemps Corner","Full Time","4201.51","0.00","0.00","0.00","0.00","4","3","0","0","1","0","0.50","Saniya","Jaiswal","",""
"Studio SWEAT in 30","2024-04-15, 9:45 AM","Kwality House, Kemps Corner","Full Time","5583.15","0.00","0.00","0.00","0.00","7","6","0","0","1","0","0.50","Saniya","Jaiswal","",""
"Studio SWEAT in 30","2024-04-08, 9:45 AM","Kwality House, Kemps Corner","Full Time","3659.07","0.00","0.00","0.00","0.00","4","3","0","0","1","0","0.50","Saniya","Jaiswal","",""
"Studio FIT","2024-04-12, 9:00 AM","Kwality House, Kemps Corner","Full Time","10746.91","0.00","0.00","0.00","0.00","18","12","0","0","6","0","0.95","Saniya","Jaiswal","",""
"Studio Cardio Barre Plus","2024-04-29, 11:30 AM","Kwality House, Kemps Corner","Full Time","2497.58","0.00","0.00","0.00","0.00","4","4","0","0","0","0","0.95","Saniya","Jaiswal","",""
"Studio Cardio Barre Plus","2024-04-15, 11:30 AM","Kwality House, Kemps Corner","Full Time","4469.46","0.00","0.00","0.00","0.00","6","6","0","0","0","1","0.95","Saniya","Jaiswal","",""
"Studio Cardio Barre Plus","2024-05-06, 11:30 AM","Kwality House, Kemps Corner","Full Time","5355.15","0.00","0.00","0.00","0.00","6","5","0","0","1","0","0.95","Saniya","Jaiswal","",""
"Studio Cardio Barre Plus","2024-04-08, 11:30 AM","Kwality House, Kemps Corner","Full Time","2776.93","0.00","0.00","0.00","0.00","4","4","0","0","0","1","0.95","Saniya","Jaiswal","",""
"Studio Cardio Barre Plus","2024-04-22, 11:30 AM","Kwality House, Kemps Corner","Full Time","1470.96","0.00","0.00","0.00","0.00","5","5","0","0","0","1","0.95","Saniya","Jaiswal","",""
"Studio Cardio Barre Express","2024-04-11, 6:00 PM","Kwality House, Kemps Corner","Full Time","4564.90","0.00","0.00","0.00","0.00","9","9","0","0","0","0","0.75","Saniya","Jaiswal","",""
"Studio Back Body Blaze EXPRESS","2024-04-12, 7:30 AM","Kwality House, Kemps Corner","Full Time","5825.00","0.00","0.00","0.00","0.00","4","4","0","0","0","0","0.95","Saniya","Jaiswal","",""
"Studio Back Body Blaze","2024-04-11, 7:15 PM","Kwality House, Kemps Corner","Full Time","1989.72","0.00","0.00","0.00","0.00","3","3","0","0","0","0","0.95","Saniya","Jaiswal","",""
"Studio Barre 57","2024-04-08, 10:15 AM","Kwality House, Kemps Corner","Full Time","2810.60","0.00","0.00","0.00","0.00","3","3","0","0","0","0","0.95","Saniya","Jaiswal","",""