"Class name","Class date","Location","Payrate","Total Revenue","Base Payout","Additional Payout","Total Payout","Tip","Participants","Checked in","Comps","Checked In Comps","Late cancellations","Non Paid Customers","Time (h)","Teacher First Name","Teacher Last Name","Employee Code","Payrate Code"
"Studio Cardio Barre","2024-09-07, 5:15 PM","Supreme HQ, Bandra","Junior Trainer","43.81","1250.00","0.00","1250.00","0.00","1","0","0","0","1","0","0.95","Janhavi","Jain","",""
"Studio Barre 57","2024-09-14, 5:15 PM","Kwality House, Kemps Corner","Junior Trainer","5381.80","1250.00","0.00","1250.00","0.00","8","7","0","0","1","0","0.95","Janhavi","Jain","",""
"Studio Barre 57","2024-09-07, 4:00 PM","Supreme HQ, Bandra","Junior Trainer","3363.71","1250.00","0.00","1250.00","0.00","4","3","0","0","1","0","0.95","Janhavi","Jain","",""
"Studio Cardio Barre","2024-09-14, 4:00 PM","Kwality House, Kemps Corner","Junior Trainer","2102.00","1250.00","0.00","1250.00","0.00","4","3","0","0","1","0","0.95","Janhavi","Jain","",""
"Studio Cardio Barre Plus","2024-09-13, 11:00 AM","Kwality House, Kemps Corner","Junior Trainer","774.90","1250.00","0.00","1250.00","0.00","3","3","0","0","0","1","0.95","Janhavi","Jain","",""
"Studio Barre 57","2024-09-20, 9:30 AM","Kwality House, Kemps Corner","Junior Trainer","3109.63","1250.00","0.00","1250.00","0.00","6","5","0","0","1","0","0.95","Janhavi","Jain","",""
"Studio Barre 57","2024-09-13, 9:30 AM","Kwality House, Kemps Corner","Junior Trainer","2225.83","1250.00","0.00","1250.00","0.00","3","2","0","0","1","0","0.95","Janhavi","Jain","",""
"Studio FIT","2024-09-06, 9:00 AM","Supreme HQ, Bandra","Junior Trainer","4099.96","1250.00","0.00","1250.00","0.00","7","5","0","0","2","0","0.95","Janhavi","Jain","",""
"Studio Barre 57 Express","2024-09-20, 8:00 AM","Kwality House, Kemps Corner","Junior Trainer","1400.00","1250.00","0.00","1250.00","0.00","1","1","0","0","0","0","0.75","Janhavi","Jain","",""
"Studio Barre 57 Express","2024-09-13, 8:00 AM","Kwality House, Kemps Corner","Junior Trainer","4170.41","1250.00","0.00","1250.00","0.00","6","5","0","0","1","0","0.75","Janhavi","Jain","",""
"Studio Cardio Barre Express","2024-09-06, 7:15 AM","Supreme HQ, Bandra","Junior Trainer","0.00","1250.00","0.00","1250.00","0.00","0","0","0","0","0","0","0.75","Janhavi","Jain","",""
"Studio Cardio Barre","2024-09-12, 6:45 PM","Kwality House, Kemps Corner","Junior Trainer","0.00","1250.00","0.00","1250.00","0.00","0","0","0","0","0","0","0.95","Janhavi","Jain","",""
"Studio Cardio Barre","2024-09-05, 6:45 PM","Kwality House, Kemps Corner","Junior Trainer","5005.08","1250.00","0.00","1250.00","0.00","7","7","0","0","0","1","0.95","Janhavi","Jain","",""
"Studio Cardio Barre Express","2024-09-10, 6:15 PM","Kwality House, Kemps Corner","Junior Trainer","4322.83","1250.00","0.00","1250.00","0.00","6","4","0","0","2","0","0.75","Janhavi","Jain","",""
"Studio Cardio Barre Express","2024-09-03, 6:15 PM","Kwality House, Kemps Corner","Junior Trainer","915.13","1250.00","0.00","1250.00","0.00","1","1","0","0","0","0","0.75","Janhavi","Jain","",""
"Studio Barre 57 Express","2024-09-12, 5:45 PM","Kwality House, Kemps Corner","Junior Trainer","6534.92","1250.00","0.00","1250.00","0.00","8","8","0","0","0","0","0.75","Janhavi","Jain","",""
"Studio Barre 57 Express","2024-09-05, 5:45 PM","Kwality House, Kemps Corner","Junior Trainer","14.07","1250.00","0.00","1250.00","0.00","3","3","0","0","0","2","0.75","Janhavi","Jain","",""
"Studio FIT","2024-09-10, 7:15 PM","Kwality House, Kemps Corner","Junior Trainer","7723.29","1250.00","0.00","1250.00","0.00","11","11","0","0","0","0","0.95","Janhavi","Jain","",""
"Studio FIT","2024-09-11, 11:30 AM","Kwality House, Kemps Corner","Junior Trainer","1465.31","1250.00","0.00","1250.00","0.00","2","2","0","0","0","0","0.95","Janhavi","Jain","",""
"Studio FIT","2024-09-04, 11:30 AM","Kwality House, Kemps Corner","Junior Trainer","87.62","1250.00","0.00","1250.00","0.00","2","2","0","0","0","0","0.95","Janhavi","Jain","",""
"Studio Barre 57","2024-09-18, 10:15 AM","Kwality House, Kemps Corner","Junior Trainer","3676.12","1250.00","0.00","1250.00","0.00","5","5","0","0","0","1","0.95","Janhavi","Jain","",""
"Studio Barre 57","2024-09-11, 10:15 AM","Kwality House, Kemps Corner","Junior Trainer","826.00","1250.00","0.00","1250.00","0.00","3","3","0","0","0","2","0.95","Janhavi","Jain","",""
"Studio Barre 57","2024-09-04, 10:15 AM","Kwality House, Kemps Corner","Junior Trainer","2755.78","1250.00","0.00","1250.00","0.00","5","5","0","0","0","0","0.95","Janhavi","Jain","",""
"Studio Barre 57","2024-09-18, 8:30 AM","Kwality House, Kemps Corner","Junior Trainer","4294.67","1250.00","0.00","1250.00","0.00","7","7","0","0","0","2","0.95","Janhavi","Jain","",""
"Studio Barre 57","2024-09-11, 8:30 AM","Kwality House, Kemps Corner","Junior Trainer","1487.62","1250.00","0.00","1250.00","0.00","3","3","0","0","0","0","0.95","Janhavi","Jain","",""
"Studio Barre 57","2024-09-04, 8:30 AM","Kwality House, Kemps Corner","Junior Trainer","1843.35","1250.00","0.00","1250.00","0.00","4","3","0","0","1","0","0.95","Janhavi","Jain","",""
"Studio Barre 57","2024-09-03, 7:15 PM","Kwality House, Kemps Corner","Junior Trainer","2432.93","1250.00","0.00","1250.00","0.00","4","3","0","0","1","1","0.95","Janhavi","Jain","",""
"Studio Cardio Barre Express","2024-08-13, 6:15 PM","Kwality House, Kemps Corner","Junior Trainer","4310.54","1250.00","0.00","1250.00","0.00","5","5","0","0","0","0","0.75","Janhavi","Jain","",""
"Studio Barre 57 Express","2024-08-15, 7:30 AM","Kwality House, Kemps Corner","Junior Trainer","1400.00","1250.00","0.00","1250.00","0.00","1","1","0","0","0","0","0.75","Janhavi","Jain","",""
"Studio FIT","2024-08-14, 11:30 AM","Kwality House, Kemps Corner","Junior Trainer","5874.58","1250.00","0.00","1250.00","0.00","6","6","0","0","0","0","0.95","Janhavi","Jain","",""
"Studio Barre 57","2024-08-14, 10:15 AM","Kwality House, Kemps Corner","Junior Trainer","8986.40","1250.00","0.00","1250.00","0.00","11","11","0","0","0","2","0.95","Janhavi","Jain","",""
"Studio Barre 57","2024-08-14, 8:30 AM","Kwality House, Kemps Corner","Junior Trainer","3292.63","1250.00","0.00","1250.00","0.00","6","6","0","0","0","3","0.95","Janhavi","Jain","",""
"Studio Barre 57","2024-08-17, 5:15 PM","Kwality House, Kemps Corner","Junior Trainer","4143.64","1250.00","0.00","1250.00","0.00","5","5","0","0","0","1","0.95","Janhavi","Jain","",""
"Studio Cardio Barre","2024-08-17, 4:00 PM","Kwality House, Kemps Corner","Junior Trainer","0.00","1250.00","0.00","1250.00","0.00","0","0","0","0","0","0","0.95","Janhavi","Jain","",""
"Studio Recovery","2024-08-10, 12:30 PM","Kwality House, Kemps Corner","Junior Trainer","0.00","1250.00","0.00","1250.00","0.00","2","2","0","0","0","2","0.50","Janhavi","Jain","",""
"Studio Barre 57","2024-08-10, 11:30 AM","Kwality House, Kemps Corner","Junior Trainer","5311.34","1250.00","0.00","1250.00","0.00","5","4","0","0","1","0","0.95","Janhavi","Jain","",""
"Studio Mat 57","2024-08-10, 10:15 AM","Kwality House, Kemps Corner","Junior Trainer","14424.85","1250.00","0.00","1250.00","0.00","16","15","0","0","1","0","0.95","Janhavi","Jain","",""
"Studio Trainer's Choice","2024-08-09, 6:30 PM","Kwality House, Kemps Corner","Junior Trainer","4902.30","1250.00","0.00","1250.00","0.00","4","3","0","0","1","0","0.83","Janhavi","Jain","",""
"Studio Cardio Barre Express","2024-08-09, 5:45 PM","Kwality House, Kemps Corner","Junior Trainer","2890.62","1250.00","0.00","1250.00","0.00","5","5","0","0","0","0","0.75","Janhavi","Jain","",""
"Studio Barre 57","2024-08-16, 10:15 AM","Supreme HQ, Bandra","Junior Trainer","826.00","1250.00","0.00","1250.00","0.00","1","1","0","0","0","0","0.95","Janhavi","Jain","",""
"Studio FIT","2024-08-16, 9:00 AM","Supreme HQ, Bandra","Junior Trainer","1822.77","1250.00","0.00","1250.00","0.00","3","1","0","0","2","0","0.95","Janhavi","Jain","",""
"Studio Pre/Post Natal Class","2024-08-15, 11:30 AM","Kwality House, Kemps Corner","Junior Trainer","0.00","1250.00","0.00","1250.00","0.00","0","0","0","0","0","0","0.95","Janhavi","Jain","",""
"Studio Pre/Post Natal Class","2024-08-08, 11:30 AM","Kwality House, Kemps Corner","Junior Trainer","1361.92","1250.00","0.00","1250.00","0.00","1","1","0","0","0","0","0.95","Janhavi","Jain","",""
"Studio Cardio Barre","2024-08-15, 10:00 AM","Kwality House, Kemps Corner","Junior Trainer","1980.31","1250.00","0.00","1250.00","0.00","2","2","0","0","0","0","0.95","Janhavi","Jain","",""
"Studio Cardio Barre","2024-08-08, 10:00 AM","Kwality House, Kemps Corner","Junior Trainer","4234.46","1250.00","0.00","1250.00","0.00","4","4","0","0","0","0","0.95","Janhavi","Jain","",""
"Studio Barre 57","2024-08-13, 7:15 PM","Kwality House, Kemps Corner","Junior Trainer","5512.86","1250.00","0.00","1250.00","0.00","5","5","0","0","0","0","0.95","Janhavi","Jain","",""
"Studio FIT","2024-08-20, 7:15 PM","Kwality House, Kemps Corner","Junior Trainer","9658.69","1250.00","0.00","1250.00","0.00","8","8","0","0","0","0","0.95","Janhavi","Jain","",""
"P57 x Hairbar's Hosted Class","2024-07-28, 5:15 PM","Kwality House, Kemps Corner","Junior Trainer","0.00","1250.00","0.00","1250.00","0.00","17","12","0","0","5","17","0.95","Janhavi","Jain","",""
"Studio Barre 57","2024-07-28, 4:00 PM","Kwality House, Kemps Corner","Junior Trainer","1186.16","1250.00","0.00","1250.00","0.00","3","2","0","0","1","1","0.95","Janhavi","Jain","",""
"Studio Cardio Barre Express","2024-08-20, 6:15 PM","Kwality House, Kemps Corner","Junior Trainer","1372.42","1250.00","0.00","1250.00","0.00","2","1","0","0","1","0","0.75","Janhavi","Jain","",""
"Studio Cardio Barre Express","2024-07-16, 6:15 PM","Kwality House, Kemps Corner","Junior Trainer","930.14","1250.00","0.00","1250.00","0.00","2","1","0","0","1","0","0.75","Janhavi","Jain","",""
"Studio Barre 57","2024-08-03, 4:00 PM","Supreme HQ, Bandra","Junior Trainer","52.85","1250.00","0.00","1250.00","0.00","2","1","0","0","1","0","0.95","Janhavi","Jain","",""
"Studio Barre 57","2024-07-20, 4:00 PM","Supreme HQ, Bandra","Junior Trainer","2320.68","1250.00","0.00","1250.00","0.00","4","4","0","0","0","0","0.95","Janhavi","Jain","",""
"Studio Cardio Barre Express","2024-07-09, 6:15 PM","Kwality House, Kemps Corner","Junior Trainer","3270.95","1250.00","0.00","1250.00","0.00","5","4","0","0","1","0","0.75","Janhavi","Jain","",""
"Studio FIT","2024-08-07, 11:30 AM","Kwality House, Kemps Corner","Junior Trainer","651.90","1250.00","0.00","1250.00","0.00","1","1","0","0","0","0","0.95","Janhavi","Jain","",""
"Studio Barre 57","2024-08-07, 10:15 AM","Kwality House, Kemps Corner","Junior Trainer","7244.44","1250.00","0.00","1250.00","0.00","8","8","0","0","0","1","0.95","Janhavi","Jain","",""
"Studio Barre 57","2024-08-06, 7:15 PM","Kwality House, Kemps Corner","Junior Trainer","3271.67","1250.00","0.00","1250.00","0.00","4","4","0","0","0","1","0.95","Janhavi","Jain","",""
"Cardio Barre (EXPRESS)","2024-08-06, 6:15 PM","Kwality House, Kemps Corner","Junior Trainer","3480.67","1250.00","0.00","1250.00","0.00","3","3","0","0","0","0","0.75","Janhavi","Jain","",""
"P57 x Rati’s Hosted Class","2024-07-13, 4:00 PM","Supreme HQ, Bandra","Junior Trainer","0.00","1250.00","0.00","1250.00","0.00","17","13","0","0","4","17","0.95","Janhavi","Jain","",""
"Studio Trainer's Choice","2024-08-02, 6:30 PM","Kwality House, Kemps Corner","Junior Trainer","1176.03","1250.00","0.00","1250.00","0.00","3","3","0","0","0","0","0.83","Janhavi","Jain","",""
"Studio Cardio Barre Express","2024-08-02, 5:45 PM","Kwality House, Kemps Corner","Junior Trainer","1449.25","1250.00","0.00","1250.00","0.00","3","3","0","0","0","0","0.75","Janhavi","Jain","",""
"Studio Foundations","2024-08-01, 9:00 AM","Kwality House, Kemps Corner","Junior Trainer","3520.05","1250.00","0.00","1250.00","0.00","5","5","0","0","0","0","0.75","Janhavi","Jain","",""
"Studio FIT","2024-07-31, 11:30 AM","Kwality House, Kemps Corner","Junior Trainer","2100.58","1250.00","0.00","1250.00","0.00","3","3","0","0","0","0","0.95","Janhavi","Jain","",""
"Studio Barre 57","2024-07-31, 10:15 AM","Kwality House, Kemps Corner","Junior Trainer","4554.39","1250.00","0.00","1250.00","0.00","5","5","0","0","0","0","0.95","Janhavi","Jain","",""
"Studio Barre 57","2024-07-30, 7:15 PM","Kwality House, Kemps Corner","Junior Trainer","3640.75","1250.00","0.00","1250.00","0.00","4","4","0","0","0","1","0.95","Janhavi","Jain","",""
"Cardio Barre (Express)","2024-07-30, 6:15 PM","Kwality House, Kemps Corner","Junior Trainer","3137.78","1250.00","0.00","1250.00","0.00","6","5","0","0","1","0","0.75","Janhavi","Jain","",""
"Studio Trainer's Choice","2024-07-26, 6:30 PM","Kwality House, Kemps Corner","Junior Trainer","6959.47","1250.00","0.00","1250.00","0.00","12","11","0","0","1","0","0.83","Janhavi","Jain","",""
"Studio Trainer's Choice","2024-07-19, 6:30 PM","Kwality House, Kemps Corner","Junior Trainer","3262.87","1250.00","0.00","1250.00","0.00","5","5","0","0","0","0","0.83","Janhavi","Jain","",""
"Studio Trainer's Choice","2024-07-12, 6:30 PM","Kwality House, Kemps Corner","Junior Trainer","10386.45","1250.00","0.00","1250.00","0.00","12","11","0","0","1","0","0.83","Janhavi","Jain","",""
"Studio Trainer's Choice","2024-07-05, 6:30 PM","Kwality House, Kemps Corner","Junior Trainer","2175.01","1250.00","0.00","1250.00","0.00","4","4","0","0","0","1","0.83","Janhavi","Jain","",""
"Studio Cardio Barre Express","2024-07-26, 5:45 PM","Kwality House, Kemps Corner","Junior Trainer","4959.21","1250.00","0.00","1250.00","0.00","7","5","0","0","2","0","0.75","Janhavi","Jain","",""
"Studio Cardio Barre Express","2024-07-19, 5:45 PM","Kwality House, Kemps Corner","Junior Trainer","23.11","1250.00","0.00","1250.00","0.00","2","1","0","0","1","0","0.75","Janhavi","Jain","",""
"Studio Cardio Barre Express","2024-07-12, 5:45 PM","Kwality House, Kemps Corner","Junior Trainer","1130.60","1250.00","0.00","1250.00","0.00","4","2","0","0","1","0","0.75","Janhavi","Jain","",""
"Studio Cardio Barre Express","2024-07-05, 5:45 PM","Kwality House, Kemps Corner","Junior Trainer","5623.03","1250.00","0.00","1250.00","0.00","7","7","0","0","0","0","0.75","Janhavi","Jain","",""
"Studio Cardio Barre","2024-08-03, 5:15 PM","Supreme HQ, Bandra","Junior Trainer","4612.49","1250.00","0.00","1250.00","0.00","5","3","0","0","2","0","0.95","Janhavi","Jain","",""
"Studio Cardio Barre","2024-07-06, 5:15 PM","Supreme HQ, Bandra","Junior Trainer","2405.59","1250.00","0.00","1250.00","0.00","4","4","0","0","0","1","0.95","Janhavi","Jain","",""
"Studio Cardio Barre","2024-07-20, 5:15 PM","Supreme HQ, Bandra","Junior Trainer","2261.38","1250.00","0.00","1250.00","0.00","4","4","0","0","0","1","0.95","Janhavi","Jain","",""
"Studio Cardio Barre","2024-07-13, 5:15 PM","Supreme HQ, Bandra","Junior Trainer","4072.91","1250.00","0.00","1250.00","0.00","3","3","0","0","0","0","0.95","Janhavi","Jain","",""
"Studio Barre 57","2024-07-06, 4:00 PM","Supreme HQ, Bandra","Junior Trainer","85.18","1250.00","0.00","1250.00","0.00","5","5","0","0","0","3","0.95","Janhavi","Jain","",""
"Studio Amped Up! Inner Thigh Fry","2024-07-18, 11:00 AM","Kwality House, Kemps Corner","Junior Trainer","1593.90","1250.00","0.00","1250.00","0.00","5","5","0","0","0","0","0.95","Janhavi","Jain","",""
"Studio Barre 57","2024-07-18, 9:15 AM","Kwality House, Kemps Corner","Junior Trainer","9559.46","1250.00","0.00","1250.00","0.00","12","11","0","0","1","1","0.95","Janhavi","Jain","",""
"Studio Foundations","2024-07-25, 9:00 AM","Kwality House, Kemps Corner","Junior Trainer","669.64","1250.00","0.00","1250.00","0.00","1","1","0","0","0","0","0.75","Janhavi","Jain","",""
"Studio Foundations","2024-07-11, 9:00 AM","Kwality House, Kemps Corner","Junior Trainer","669.64","1250.00","0.00","1250.00","0.00","1","1","0","0","0","0","0.75","Janhavi","Jain","",""
"Studio Cardio Barre Express","2024-07-18, 7:30 AM","Kwality House, Kemps Corner","Junior Trainer","2800.00","1250.00","0.00","1250.00","0.00","3","3","0","0","0","1","0.75","Janhavi","Jain","",""
"Studio Cardio Barre Express","2024-07-11, 7:30 AM","Kwality House, Kemps Corner","Junior Trainer","2109.37","1250.00","0.00","1250.00","0.00","2","1","0","0","1","0","0.75","Janhavi","Jain","",""
"Studio Cardio Barre Express","2024-08-01, 7:30 AM","Kwality House, Kemps Corner","Junior Trainer","3696.09","1250.00","0.00","1250.00","0.00","3","3","0","0","0","0","0.75","Janhavi","Jain","",""
"Studio Cardio Barre Express","2024-07-25, 7:30 AM","Kwality House, Kemps Corner","Junior Trainer","397.02","1250.00","0.00","1250.00","0.00","1","1","0","0","0","0","0.75","Janhavi","Jain","",""
"Studio FIT","2024-07-24, 11:30 AM","Kwality House, Kemps Corner","Junior Trainer","2748.42","1250.00","0.00","1250.00","0.00","2","2","0","0","0","0","0.95","Janhavi","Jain","",""
"Studio FIT","2024-07-17, 11:30 AM","Kwality House, Kemps Corner","Junior Trainer","3456.14","1250.00","0.00","1250.00","0.00","3","3","0","0","0","0","0.95","Janhavi","Jain","",""
"Studio FIT","2024-07-10, 11:30 AM","Kwality House, Kemps Corner","Junior Trainer","5593.09","1250.00","0.00","1250.00","0.00","6","6","0","0","0","0","0.95","Janhavi","Jain","",""
"Studio Barre 57","2024-07-24, 10:15 AM","Kwality House, Kemps Corner","Junior Trainer","2718.45","1250.00","0.00","1250.00","0.00","5","4","0","0","1","1","0.95","Janhavi","Jain","",""
"Studio Barre 57","2024-07-17, 10:15 AM","Kwality House, Kemps Corner","Junior Trainer","6160.31","1250.00","0.00","1250.00","0.00","7","7","0","0","0","0","0.95","Janhavi","Jain","",""
"Studio Barre 57","2024-07-10, 10:15 AM","Kwality House, Kemps Corner","Junior Trainer","3547.73","1250.00","0.00","1250.00","0.00","5","5","0","0","0","0","0.95","Janhavi","Jain","",""
"Studio Barre 57","2024-07-23, 7:15 PM","Kwality House, Kemps Corner","Junior Trainer","3849.84","1250.00","0.00","1250.00","0.00","6","5","0","0","1","2","0.95","Janhavi","Jain","",""
"Studio Barre 57","2024-07-16, 7:15 PM","Kwality House, Kemps Corner","Junior Trainer","8219.56","1250.00","0.00","1250.00","0.00","7","7","0","0","0","0","0.95","Janhavi","Jain","",""
"Studio Barre 57","2024-07-09, 7:15 PM","Kwality House, Kemps Corner","Junior Trainer","3580.99","1250.00","0.00","1250.00","0.00","5","5","0","0","0","1","0.95","Janhavi","Jain","",""
"Studio Barre 57","2024-07-02, 7:15 PM","Kwality House, Kemps Corner","Junior Trainer","4263.37","1250.00","0.00","1250.00","0.00","5","5","0","0","0","1","0.95","Janhavi","Jain","",""
"Cardio Barre (EXPRESS) ","2024-07-23, 6:15 PM","Kwality House, Kemps Corner","Junior Trainer","735.23","1250.00","0.00","1250.00","0.00","1","1","0","0","0","0","0.75","Janhavi","Jain","",""
"Studio SWEAT in 30","2024-07-02, 6:30 PM","Kwality House, Kemps Corner","Junior Trainer","3185.19","1250.00","0.00","1250.00","0.00","4","3","0","0","1","0","0.50","Janhavi","Jain","",""
"Studio Cardio Barre Plus","2024-07-22, 11:30 AM","Kwality House, Kemps Corner","Junior Trainer","634.26","1250.00","0.00","1250.00","0.00","3","3","0","0","0","0","0.95","Janhavi","Jain","",""
"Studio Barre 57","2024-07-15, 10:15 AM","Kwality House, Kemps Corner","Junior Trainer","2658.23","1250.00","0.00","1250.00","0.00","6","5","0","0","1","0","0.95","Janhavi","Jain","",""
"Studio SWEAT in 30","2024-07-22, 9:45 AM","Kwality House, Kemps Corner","Junior Trainer","2028.52","1250.00","0.00","1250.00","0.00","5","4","0","0","1","0","0.50","Janhavi","Jain","",""
"Studio Foundations","2024-07-15, 9:15 AM","Kwality House, Kemps Corner","Junior Trainer","1400.00","1250.00","0.00","1250.00","0.00","1","1","0","0","0","0","0.75","Janhavi","Jain","",""
"Studio Barre 57 Express","2024-07-15, 7:30 AM","Kwality House, Kemps Corner","Junior Trainer","1403.29","1250.00","0.00","1250.00","0.00","2","2","0","0","0","0","0.75","Janhavi","Jain","",""
"P57 x Kimberley Pereira","2024-05-30, 7:30 PM","Supreme HQ, Bandra","Junior Trainer","0.00","1250.00","0.00","1250.00","0.00","7","7","0","0","0","7","0.95","Janhavi","Jain","",""
"Studio Cardio Barre","2024-06-29, 5:15 PM","Supreme HQ, Bandra","Junior Trainer","1613.15","1250.00","0.00","1250.00","0.00","2","2","0","0","0","0","0.95","Janhavi","Jain","",""
"Studio Barre 57","2024-06-29, 4:00 PM","Supreme HQ, Bandra","Junior Trainer","4312.98","1250.00","0.00","1250.00","0.00","9","7","0","0","2","4","0.95","Janhavi","Jain","",""
"Studio Trainer's Choice","2024-06-28, 6:30 PM","Kwality House, Kemps Corner","Junior Trainer","4448.51","1250.00","0.00","1250.00","0.00","8","8","0","0","0","0","0.83","Janhavi","Jain","",""
"Studio Cardio Barre Express","2024-06-28, 5:45 PM","Kwality House, Kemps Corner","Junior Trainer","55.44","1250.00","0.00","1250.00","0.00","2","2","0","0","0","0","0.75","Janhavi","Jain","",""
"P57 x Amrita Chawla's Hosted Class","2024-05-25, 5:15 PM","Supreme HQ, Bandra","Junior Trainer","0.00","1250.00","0.00","1250.00","0.00","13","13","0","0","0","13","0.95","Janhavi","Jain","",""
"Studio Foundations","2024-06-27, 9:00 AM","Kwality House, Kemps Corner","Junior Trainer","2069.64","1250.00","0.00","1250.00","0.00","2","2","0","0","0","0","0.75","Janhavi","Jain","",""
"Studio Barre 57 Express","2024-06-27, 7:30 AM","Kwality House, Kemps Corner","Junior Trainer","41.37","1250.00","0.00","1250.00","0.00","2","2","0","0","0","1","0.75","Janhavi","Jain","",""
"Studio FIT","2024-06-26, 11:30 AM","Kwality House, Kemps Corner","Junior Trainer","2886.77","1250.00","0.00","1250.00","0.00","3","3","0","0","0","0","0.95","Janhavi","Jain","",""
"Studio Barre 57","2024-06-26, 10:15 AM","Kwality House, Kemps Corner","Junior Trainer","4987.01","1250.00","0.00","1250.00","0.00","9","8","0","0","1","2","0.95","Janhavi","Jain","",""
"Studio Barre 57","2024-06-25, 7:15 PM","Kwality House, Kemps Corner","Junior Trainer","2569.96","1250.00","0.00","1250.00","0.00","5","3","0","0","2","1","0.95","Janhavi","Jain","",""
"Studio SWEAT in 30","2024-06-25, 6:30 PM","Kwality House, Kemps Corner","Junior Trainer","1461.06","1250.00","0.00","1250.00","0.00","3","2","0","0","1","0","0.50","Janhavi","Jain","",""
"Studio Amped Up! (COMBO JUMBO)","2024-06-17, 7:15 PM","Kwality House, Kemps Corner","Junior Trainer","1309.85","1250.00","0.00","1250.00","0.00","4","3","0","0","1","0","0.95","Janhavi","Jain","",""
"Studio Barre 57","2024-06-22, 5:15 PM","Kwality House, Kemps Corner","Junior Trainer","4025.73","1250.00","0.00","1250.00","0.00","3","3","0","0","0","0","0.95","Janhavi","Jain","",""
"Studio Cardio Barre","2024-06-22, 4:00 PM","Kwality House, Kemps Corner","Junior Trainer","41.37","1250.00","0.00","1250.00","0.00","1","0","0","0","0","0","0.95","Janhavi","Jain","",""
"Studio Trainer's Choice","2024-06-21, 6:30 PM","Kwality House, Kemps Corner","Junior Trainer","1373.59","1250.00","0.00","1250.00","0.00","3","2","0","0","1","0","0.83","Janhavi","Jain","",""
"Studio Cardio Barre Express","2024-06-21, 5:45 PM","Kwality House, Kemps Corner","Junior Trainer","9049.22","1250.00","0.00","1250.00","0.00","10","7","0","0","3","0","0.75","Janhavi","Jain","",""
"Studio FIT","2024-06-19, 11:30 AM","Kwality House, Kemps Corner","Junior Trainer","4753.88","1250.00","0.00","1250.00","0.00","5","5","0","0","0","1","0.95","Janhavi","Jain","",""
"Studio Barre 57","2024-06-19, 10:15 AM","Kwality House, Kemps Corner","Junior Trainer","5410.11","1250.00","0.00","1250.00","0.00","6","4","0","0","2","1","0.95","Janhavi","Jain","",""
"Studio Barre 57","2024-06-18, 7:15 PM","Kwality House, Kemps Corner","Junior Trainer","3390.06","1250.00","0.00","1250.00","0.00","6","6","0","0","0","1","0.95","Janhavi","Jain","",""
"Studio SWEAT in 30","2024-06-18, 6:30 PM","Kwality House, Kemps Corner","Junior Trainer","6874.20","1250.00","0.00","1250.00","0.00","8","7","0","0","1","0","0.50","Janhavi","Jain","",""
"Studio Amped Up! (CIRCUIT BARRE)","2024-06-10, 7:15 PM","Kwality House, Kemps Corner","Junior Trainer","4061.25","1250.00","0.00","1250.00","0.00","7","6","0","0","1","0","0.95","Janhavi","Jain","",""
"Studio Cardio Barre Express","2024-06-17, 6:15 PM","Kwality House, Kemps Corner","Junior Trainer","2642.86","1250.00","0.00","1250.00","0.00","4","3","0","0","1","0","0.75","Janhavi","Jain","",""
"Studio Barre 57","2024-05-30, 7:30 PM","Supreme HQ, Bandra","Junior Trainer","892.68","1250.00","0.00","1250.00","0.00","4","2","0","0","2","2","0.95","Janhavi","Jain","",""
"Studio Barre 57","2024-05-23, 7:30 PM","Supreme HQ, Bandra","Junior Trainer","2341.85","1250.00","0.00","1250.00","0.00","5","5","0","0","0","2","0.95","Janhavi","Jain","",""
"Studio Trainer's Choice","2024-06-14, 6:30 PM","Kwality House, Kemps Corner","Junior Trainer","7300.43","1250.00","0.00","1250.00","0.00","9","9","0","0","0","0","0.83","Janhavi","Jain","",""
"Studio Cardio Barre Express","2024-06-14, 5:45 PM","Kwality House, Kemps Corner","Junior Trainer","105.85","1250.00","0.00","1250.00","0.00","4","4","0","0","0","0","0.75","Janhavi","Jain","",""
"Studio Cardio Barre","2024-06-08, 5:15 PM","Supreme HQ, Bandra","Junior Trainer","1714.93","1250.00","0.00","1250.00","0.00","2","2","0","0","0","0","0.95","Janhavi","Jain","",""
"Studio Cardio Barre","2024-06-15, 5:15 PM","Supreme HQ, Bandra","Junior Trainer","2061.54","1250.00","0.00","1250.00","0.00","3","2","0","0","1","0","0.95","Janhavi","Jain","",""
"Studio Barre 57","2024-06-15, 4:00 PM","Supreme HQ, Bandra","Junior Trainer","2742.43","1250.00","0.00","1250.00","0.00","5","4","0","0","1","1","0.95","Janhavi","Jain","",""
"Studio Barre 57","2024-06-08, 4:00 PM","Supreme HQ, Bandra","Junior Trainer","3950.57","1250.00","0.00","1250.00","0.00","5","4","0","0","1","1","0.95","Janhavi","Jain","",""
"Studio Barre 57","2024-05-25, 4:00 PM","Supreme HQ, Bandra","Junior Trainer","1407.68","1250.00","0.00","1250.00","0.00","9","8","0","0","1","7","0.95","Janhavi","Jain","",""
"Studio Barre 57 Express","2024-05-30, 6:30 PM","Supreme HQ, Bandra","Junior Trainer","2396.98","1250.00","0.00","1250.00","0.00","3","3","0","0","0","1","0.75","Janhavi","Jain","",""
"Studio Barre 57 Express","2024-05-23, 6:30 PM","Supreme HQ, Bandra","Junior Trainer","1247.85","1250.00","0.00","1250.00","0.00","5","5","0","0","0","4","0.75","Janhavi","Jain","",""
"Studio Foundations","2024-06-13, 9:00 AM","Kwality House, Kemps Corner","Junior Trainer","2082.40","1250.00","0.00","1250.00","0.00","3","2","0","0","1","0","0.75","Janhavi","Jain","",""
"Studio Barre 57 Express","2024-06-13, 7:30 AM","Kwality House, Kemps Corner","Junior Trainer","433.11","1250.00","0.00","1250.00","0.00","1","0","0","0","1","0","0.75","Janhavi","Jain","",""
"Studio Cardio Barre Express","2024-06-10, 6:15 PM","Kwality House, Kemps Corner","Junior Trainer","5121.66","1250.00","0.00","1250.00","0.00","7","6","0","0","1","0","0.75","Janhavi","Jain","",""
"Studio Trainer's Choice","2024-06-07, 6:30 PM","Kwality House, Kemps Corner","Junior Trainer","7885.24","1250.00","0.00","1250.00","0.00","10","10","0","0","0","1","0.83","Janhavi","Jain","",""
"Studio Cardio Barre Express","2024-06-07, 5:45 PM","Kwality House, Kemps Corner","Junior Trainer","4597.94","1250.00","0.00","1250.00","0.00","7","7","0","0","0","0","0.75","Janhavi","Jain","",""
"Studio Foundations","2024-06-06, 9:00 AM","Kwality House, Kemps Corner","Junior Trainer","0.00","1250.00","0.00","1250.00","0.00","0","0","0","0","0","0","0.75","Janhavi","Jain","",""
"Studio Barre 57 Express","2024-06-06, 7:30 AM","Kwality House, Kemps Corner","Junior Trainer","1400.00","1250.00","0.00","1250.00","0.00","1","1","0","0","0","0","0.75","Janhavi","Jain","",""
"Studio FIT","2024-06-05, 11:30 AM","Kwality House, Kemps Corner","Junior Trainer","1684.04","1250.00","0.00","1250.00","0.00","4","4","0","0","0","0","0.95","Janhavi","Jain","",""
"Studio Barre 57","2024-06-05, 10:15 AM","Kwality House, Kemps Corner","Junior Trainer","6708.91","1250.00","0.00","1250.00","0.00","7","7","0","0","0","0","0.95","Janhavi","Jain","",""
"Studio Barre 57","2024-06-04, 7:15 PM","Kwality House, Kemps Corner","Junior Trainer","1361.92","1250.00","0.00","1250.00","0.00","4","4","0","0","0","3","0.95","Janhavi","Jain","",""
"Studio SWEAT in 30","2024-06-04, 6:30 PM","Kwality House, Kemps Corner","Junior Trainer","2046.64","1250.00","0.00","1250.00","0.00","2","1","0","0","1","0","0.50","Janhavi","Jain","",""
"Studio FIT","2024-05-29, 11:30 AM","Kwality House, Kemps Corner","Junior Trainer","624.12","1250.00","0.00","1250.00","0.00","2","2","0","0","0","0","0.95","Janhavi","Jain","",""
"Studio Barre 57","2024-05-29, 10:15 AM","Kwality House, Kemps Corner","Junior Trainer","3153.23","1250.00","0.00","1250.00","0.00","6","6","0","0","0","1","0.95","Janhavi","Jain","",""
"Studio Barre 57","2024-05-28, 7:15 PM","Kwality House, Kemps Corner","Junior Trainer","1875.40","1250.00","0.00","1250.00","0.00","2","2","0","0","0","0","0.95","Janhavi","Jain","",""
"Studio SWEAT in 30","2024-05-28, 6:30 PM","Kwality House, Kemps Corner","Junior Trainer","2612.23","1250.00","0.00","1250.00","0.00","2","2","0","0","0","0","0.50","Janhavi","Jain","",""
"Studio Trainer's Choice","2024-05-24, 6:30 PM","Kwality House, Kemps Corner","Junior Trainer","1157.63","1250.00","0.00","1250.00","0.00","1","1","0","0","0","0","0.83","Janhavi","Jain","",""
"Studio Cardio Barre Express","2024-05-24, 5:45 PM","Kwality House, Kemps Corner","Junior Trainer","6048.17","1250.00","0.00","1250.00","0.00","6","6","0","0","0","0","0.75","Janhavi","Jain","",""
"Studio FIT","2024-05-22, 11:30 AM","Kwality House, Kemps Corner","Junior Trainer","3487.89","1250.00","0.00","1250.00","0.00","3","3","0","0","0","0","0.95","Janhavi","Jain","",""
"Studio Barre 57","2024-05-22, 10:15 AM","Kwality House, Kemps Corner","Junior Trainer","4817.07","1250.00","0.00","1250.00","0.00","6","6","0","0","0","0","0.95","Janhavi","Jain","",""
"Studio Barre 57","2024-05-21, 7:15 PM","Kwality House, Kemps Corner","Junior Trainer","3821.71","1250.00","0.00","1250.00","0.00","5","4","0","0","1","0","0.95","Janhavi","Jain","",""
"Studio SWEAT in 30","2024-05-21, 6:30 PM","Kwality House, Kemps Corner","Junior Trainer","3905.51","1250.00","0.00","1250.00","0.00","4","4","0","0","0","0","0.50","Janhavi","Jain","",""
"Studio Trainer's Choice","2024-05-17, 6:30 PM","Kwality House, Kemps Corner","Junior Trainer","1973.37","1250.00","0.00","1250.00","0.00","2","1","0","0","1","0","0.83","Janhavi","Jain","",""
"Studio Cardio Barre Express","2024-05-17, 5:45 PM","Kwality House, Kemps Corner","Junior Trainer","1400.00","1250.00","0.00","1250.00","0.00","1","1","0","0","0","0","0.75","Janhavi","Jain","",""
"Studio FIT","2024-05-15, 11:30 AM","Kwality House, Kemps Corner","Junior Trainer","1364.89","1250.00","0.00","1250.00","0.00","2","2","0","0","0","0","0.95","Janhavi","Jain","",""
"Studio Barre 57","2024-05-15, 10:15 AM","Kwality House, Kemps Corner","Junior Trainer","0.00","1250.00","0.00","1250.00","0.00","0","0","0","0","0","0","0.95","Janhavi","Jain","",""
"Studio Barre 57","2024-04-09, 7:15 PM","Kwality House, Kemps Corner","Junior Trainer","1400.00","1250.00","0.00","1250.00","0.00","1","1","0","0","0","0","0.95","Janhavi","Jain","",""
"Studio Barre 57","2024-05-14, 7:15 PM","Kwality House, Kemps Corner","Junior Trainer","1008.90","1250.00","0.00","1250.00","0.00","2","2","0","0","0","1","0.95","Janhavi","Jain","",""
"Studio Barre 57","2024-04-30, 7:15 PM","Kwality House, Kemps Corner","Junior Trainer","1982.03","1250.00","0.00","1250.00","0.00","4","4","0","0","0","2","0.95","Janhavi","Jain","",""
"Studio Barre 57","2024-04-23, 7:15 PM","Kwality House, Kemps Corner","Junior Trainer","3898.56","1250.00","0.00","1250.00","0.00","5","4","0","0","1","0","0.95","Janhavi","Jain","",""
"Studio Barre 57","2024-05-07, 7:15 PM","Kwality House, Kemps Corner","Junior Trainer","5745.90","1250.00","0.00","1250.00","0.00","10","10","0","0","0","4","0.95","Janhavi","Jain","",""
"Studio Barre 57","2024-04-16, 7:15 PM","Kwality House, Kemps Corner","Junior Trainer","3583.77","1250.00","0.00","1250.00","0.00","8","7","0","0","1","3","0.95","Janhavi","Jain","",""
"Studio SWEAT in 30","2024-05-07, 6:30 PM","Kwality House, Kemps Corner","Junior Trainer","3256.68","1250.00","0.00","1250.00","0.00","5","5","0","0","0","0","0.50","Janhavi","Jain","",""
"Studio SWEAT in 30","2024-05-14, 6:30 PM","Kwality House, Kemps Corner","Junior Trainer","2223.41","1250.00","0.00","1250.00","0.00","5","5","0","0","0","0","0.50","Janhavi","Jain","",""
"Studio SWEAT in 30","2024-04-16, 6:30 PM","Kwality House, Kemps Corner","Junior Trainer","2573.44","1250.00","0.00","1250.00","0.00","4","3","0","0","1","0","0.50","Janhavi","Jain","",""
"Studio SWEAT in 30","2024-04-30, 6:30 PM","Kwality House, Kemps Corner","Junior Trainer","410.12","1250.00","0.00","1250.00","0.00","1","0","0","0","1","0","0.50","Janhavi","Jain","",""
"Studio SWEAT in 30","2024-04-23, 6:30 PM","Kwality House, Kemps Corner","Junior Trainer","6996.76","1250.00","0.00","1250.00","0.00","6","5","0","0","1","0","0.50","Janhavi","Jain","",""
"Studio Mat 57 Express","2024-05-06, 5:45 PM","Kwality House, Kemps Corner","Junior Trainer","880.75","1250.00","0.00","1250.00","0.00","2","2","0","0","0","0","0.75","Janhavi","Jain","",""
"Studio Trainer's Choice","2024-05-10, 6:30 PM","Kwality House, Kemps Corner","Junior Trainer","6737.00","1250.00","0.00","1250.00","0.00","5","4","0","0","1","0","0.83","Janhavi","Jain","",""
"Studio Trainer's Choice","2024-04-26, 6:30 PM","Kwality House, Kemps Corner","Junior Trainer","2528.92","1250.00","0.00","1250.00","0.00","4","4","0","0","0","0","0.83","Janhavi","Jain","",""
"Studio Trainer's Choice","2024-05-03, 6:30 PM","Kwality House, Kemps Corner","Junior Trainer","1449.04","1250.00","0.00","1250.00","0.00","3","3","0","0","0","0","0.83","Janhavi","Jain","",""
"Studio Trainer's Choice","2024-04-12, 6:30 PM","Kwality House, Kemps Corner","Junior Trainer","2672.83","1250.00","0.00","1250.00","0.00","3","2","0","0","1","0","0.83","Janhavi","Jain","",""
"Studio Trainer's Choice","2024-04-19, 6:30 PM","Kwality House, Kemps Corner","Junior Trainer","3927.21","1250.00","0.00","1250.00","0.00","3","3","0","0","0","0","0.83","Janhavi","Jain","",""
"Studio SWEAT in 30","2024-04-12, 6:00 PM","Kwality House, Kemps Corner","Junior Trainer","2363.40","1250.00","0.00","1250.00","0.00","5","5","0","0","0","1","0.50","Janhavi","Jain","",""
"Studio FIT","2024-05-08, 11:30 AM","Kwality House, Kemps Corner","Junior Trainer","4147.66","1250.00","0.00","1250.00","0.00","4","4","0","0","0","0","0.95","Janhavi","Jain","",""
"Studio FIT","2024-04-24, 11:30 AM","Kwality House, Kemps Corner","Junior Trainer","1361.92","1250.00","0.00","1250.00","0.00","1","1","0","0","0","0","0.95","Janhavi","Jain","",""
"Studio FIT","2024-04-17, 11:30 AM","Kwality House, Kemps Corner","Junior Trainer","8983.54","1250.00","0.00","1250.00","0.00","7","6","0","0","1","0","0.95","Janhavi","Jain","",""
"Studio FIT","2024-04-10, 11:30 AM","Kwality House, Kemps Corner","Junior Trainer","0.00","1250.00","0.00","1250.00","0.00","0","0","0","0","0","0","0.95","Janhavi","Jain","",""
"Studio FIT","2024-05-01, 11:30 AM","Kwality House, Kemps Corner","Junior Trainer","2240.75","1250.00","0.00","1250.00","0.00","2","1","0","0","1","0","0.95","Janhavi","Jain","",""
"Studio Cardio Barre Express","2024-05-03, 5:45 PM","Kwality House, Kemps Corner","Junior Trainer","575.51","1250.00","0.00","1250.00","0.00","2","2","0","0","0","0","0.75","Janhavi","Jain","",""
"Studio Cardio Barre Express","2024-04-19, 5:45 PM","Kwality House, Kemps Corner","Junior Trainer","5466.46","1250.00","0.00","1250.00","0.00","4","4","0","0","0","0","0.75","Janhavi","Jain","",""
"Studio Cardio Barre Express","2024-04-26, 5:45 PM","Kwality House, Kemps Corner","Junior Trainer","5341.31","1250.00","0.00","1250.00","0.00","6","6","0","0","0","2","0.75","Janhavi","Jain","",""
"Studio Cardio Barre Express","2024-05-10, 5:45 PM","Kwality House, Kemps Corner","Junior Trainer","5220.17","1250.00","0.00","1250.00","0.00","6","5","0","0","1","0","0.75","Janhavi","Jain","",""
"Studio Cardio Barre","2024-04-09, 6:00 PM","Kwality House, Kemps Corner","Junior Trainer","4899.80","1250.00","0.00","1250.00","0.00","5","5","0","0","0","0","0.95","Janhavi","Jain","",""
"Studio Back Body Blaze","2024-05-08, 9:00 AM","Kwality House, Kemps Corner","Junior Trainer","10921.12","1250.00","0.00","1250.00","0.00","20","17","0","0","3","0","0.95","Janhavi","Jain","",""
"Studio Barre 57","2024-05-08, 10:15 AM","Kwality House, Kemps Corner","Junior Trainer","1157.63","1250.00","0.00","1250.00","0.00","2","1","0","0","0","1","0.95","Janhavi","Jain","",""
"Studio Barre 57","2024-04-17, 10:15 AM","Kwality House, Kemps Corner","Junior Trainer","3449.66","1250.00","0.00","1250.00","0.00","9","7","0","0","2","0","0.95","Janhavi","Jain","",""
"Studio Barre 57","2024-04-10, 10:15 AM","Kwality House, Kemps Corner","Junior Trainer","1392.88","1250.00","0.00","1250.00","0.00","3","3","0","0","0","0","0.95","Janhavi","Jain","",""
"Studio Barre 57","2024-04-24, 10:15 AM","Kwality House, Kemps Corner","Junior Trainer","4360.97","1250.00","0.00","1250.00","0.00","6","6","0","0","0","1","0.95","Janhavi","Jain","",""
"Studio Barre 57","2024-05-01, 10:15 AM","Kwality House, Kemps Corner","Junior Trainer","5728.71","1250.00","0.00","1250.00","0.00","10","10","0","0","0","0","0.95","Janhavi","Jain","",""
"Studio Barre 57","2024-05-06, 6:45 PM","Kwality House, Kemps Corner","Junior Trainer","3999.13","1250.00","0.00","1250.00","0.00","8","7","0","0","1","1","0.95","Janhavi","Jain","",""
"Studio Trainer's Choice","2024-04-05, 6:30 PM","Kwality House, Kemps Corner","Junior Trainer","138.73","1250.00","0.00","1250.00","0.00","3","3","0","0","0","0","0.83","Janhavi","Jain","",""
"Studio SWEAT in 30","2024-04-05, 6:00 PM","Kwality House, Kemps Corner","Junior Trainer","2253.13","1250.00","0.00","1250.00","0.00","3","3","0","0","0","0","0.50","Janhavi","Jain","",""
"Studio FIT","2024-04-03, 11:30 AM","Kwality House, Kemps Corner","Junior Trainer","2492.31","1250.00","0.00","1250.00","0.00","3","3","0","0","0","0","0.95","Janhavi","Jain","",""
"Studio Barre 57","2024-04-03, 10:30 AM","Kwality House, Kemps Corner","Junior Trainer","4479.87","1250.00","0.00","1250.00","0.00","4","4","0","0","0","0","0.95","Janhavi","Jain","",""
"Studio Barre 57","2024-04-02, 7:15 PM","Kwality House, Kemps Corner","Junior Trainer","2011.45","1250.00","0.00","1250.00","0.00","2","2","0","0","0","0","0.95","Janhavi","Jain","",""
"Studio Cardio Barre","2024-04-02, 6:00 PM","Kwality House, Kemps Corner","Junior Trainer","4478.75","1250.00","0.00","1250.00","0.00","5","5","0","0","0","0","0.95","Janhavi","Jain","",""
"Studio Cardio Barre Express","2024-04-01, 6:30 PM","Taj Wellington Mews, Colaba, Mumbai","Junior Trainer","1786.17","1250.00","0.00","1250.00","0.00","2","2","0","0","0","0","0.75","Janhavi","Jain","",""
"Studio Barre 57 Express","2024-04-01, 5:45 PM","Taj Wellington Mews, Colaba, Mumbai","Junior Trainer","1949.72","1250.00","0.00","1250.00","0.00","2","1","0","0","1","0","0.75","Janhavi","Jain","",""
"Studio Barre 57","2024-03-31, 11:30 AM","Kwality House, Kemps Corner","Junior Trainer","2028.38","1250.00","0.00","1250.00","0.00","5","4","0","0","1","0","0.95","Janhavi","Jain","",""
"Studio Cardio Barre","2024-03-31, 10:15 AM","Kwality House, Kemps Corner","Junior Trainer","3864.92","1250.00","0.00","1250.00","0.00","5","5","0","0","0","0","0.95","Janhavi","Jain","",""
"Studio Barre 57","2024-03-29, 6:45 PM","Kwality House, Kemps Corner","Junior Trainer","3311.64","1250.00","0.00","1250.00","0.00","3","3","0","0","0","0","0.95","Janhavi","Jain","",""
"Studio SWEAT in 30","2024-03-29, 6:00 PM","Kwality House, Kemps Corner","Junior Trainer","577.15","1250.00","0.00","1250.00","0.00","1","0","0","0","1","0","0.50","Janhavi","Jain","",""
"Studio Barre 57","2024-03-28, 6:45 PM","Kwality House, Kemps Corner","Junior Trainer","3227.47","1250.00","0.00","1250.00","0.00","3","3","0","0","0","0","0.95","Janhavi","Jain","",""
"Studio Barre 57 Express","2024-03-28, 5:45 PM","Kwality House, Kemps Corner","Junior Trainer","2642.46","1250.00","0.00","1250.00","0.00","5","5","0","0","0","0","0.75","Janhavi","Jain","",""
"Studio Barre 57","2024-03-25, 6:45 PM","Kwality House, Kemps Corner","Junior Trainer","568.18","1250.00","0.00","1250.00","0.00","3","2","0","0","1","0","0.95","Janhavi","Jain","",""
"Studio Barre 57 Express","2024-03-25, 5:45 PM","Kwality House, Kemps Corner","Junior Trainer","5425.56","1250.00","0.00","1250.00","0.00","11","10","0","0","1","2","0.75","Janhavi","Jain","",""
"Studio Barre 57","2024-03-24, 11:30 AM","Kwality House, Kemps Corner","Junior Trainer","2903.33","1250.00","0.00","1250.00","0.00","4","2","0","0","2","0","0.95","Janhavi","Jain","",""
"Studio Cardio Barre","2024-03-24, 10:15 AM","Kwality House, Kemps Corner","Junior Trainer","5685.06","1250.00","0.00","1250.00","0.00","5","5","0","0","0","0","0.95","Janhavi","Jain","",""
"Studio Foundations","2024-03-23, 10:30 AM","Kwality House, Kemps Corner","Junior Trainer","14.07","1250.00","0.00","1250.00","0.00","2","2","0","0","0","1","0.83","Janhavi","Jain","",""
"Studio SWEAT in 30","2024-03-23, 9:45 AM","Kwality House, Kemps Corner","Junior Trainer","2719.22","1250.00","0.00","1250.00","0.00","4","4","0","0","0","0","0.50","Janhavi","Jain","",""
"Studio Barre 57","2024-03-22, 6:45 PM","Kwality House, Kemps Corner","Junior Trainer","5269.14","1250.00","0.00","1250.00","0.00","4","4","0","0","0","0","0.95","Janhavi","Jain","",""
"Studio SWEAT in 30","2024-03-22, 6:00 PM","Kwality House, Kemps Corner","Junior Trainer","1127.21","1250.00","0.00","1250.00","0.00","1","1","0","0","0","0","0.50","Janhavi","Jain","",""
"Studio Barre 57","2024-03-21, 6:45 PM","Kwality House, Kemps Corner","Junior Trainer","3562.08","1250.00","0.00","1250.00","0.00","4","4","0","0","0","0","0.95","Janhavi","Jain","",""
"Studio Barre 57 Express","2024-03-21, 5:45 PM","Kwality House, Kemps Corner","Junior Trainer","2076.68","1250.00","0.00","1250.00","0.00","7","7","0","0","0","1","0.75","Janhavi","Jain","",""
"Studio Barre 57","2024-03-20, 9:00 AM","Taj Wellington Mews, Colaba, Mumbai","Junior Trainer","3535.23","1250.00","0.00","1250.00","0.00","4","4","0","0","0","1","0.95","Janhavi","Jain","",""
"Studio Cardio Barre Express","2024-03-20, 7:45 AM","Taj Wellington Mews, Colaba, Mumbai","Junior Trainer","25.02","1250.00","0.00","1250.00","0.00","1","1","0","0","0","0","0.75","Janhavi","Jain","",""
"Studio Foundations","2024-03-16, 10:30 AM","Kwality House, Kemps Corner","Junior Trainer","1361.92","1250.00","0.00","1250.00","0.00","1","1","0","0","0","0","0.83","Janhavi","Jain","",""
"Studio SWEAT in 30","2024-03-16, 9:45 AM","Kwality House, Kemps Corner","Junior Trainer","2892.01","1250.00","0.00","1250.00","0.00","7","3","0","0","4","0","0.50","Janhavi","Jain","",""
"Studio Barre 57","2024-03-15, 6:45 PM","Kwality House, Kemps Corner","Junior Trainer","2076.56","1250.00","0.00","1250.00","0.00","2","2","0","0","0","0","0.95","Janhavi","Jain","",""
"Studio SWEAT in 30","2024-03-15, 6:00 PM","Kwality House, Kemps Corner","Junior Trainer","50.41","1250.00","0.00","1250.00","0.00","2","2","0","0","0","0","0.50","Janhavi","Jain","",""
"Studio Barre 57","2024-03-14, 6:45 PM","Kwality House, Kemps Corner","Junior Trainer","3217.16","1250.00","0.00","1250.00","0.00","5","5","0","0","0","0","0.95","Janhavi","Jain","",""
"Studio Barre 57 Express","2024-03-14, 5:45 PM","Kwality House, Kemps Corner","Junior Trainer","1386.50","1250.00","0.00","1250.00","0.00","1","1","0","0","0","0","0.75","Janhavi","Jain","",""
"Studio Barre 57","2024-03-13, 10:15 AM","Kwality House, Kemps Corner","Junior Trainer","3579.12","1250.00","0.00","1250.00","0.00","4","4","0","0","0","0","0.95","Janhavi","Jain","",""
"Studio Barre 57","2024-03-10, 11:30 AM","Kwality House, Kemps Corner","Junior Trainer","7458.30","1250.00","0.00","1250.00","0.00","9","7","0","0","2","1","0.95","Janhavi","Jain","",""
"Studio Cardio Barre","2024-03-10, 10:15 AM","Kwality House, Kemps Corner","Junior Trainer","5288.87","1250.00","0.00","1250.00","0.00","8","8","0","0","0","1","0.95","Janhavi","Jain","",""
"Studio Barre 57","2024-03-08, 6:45 PM","Kwality House, Kemps Corner","Junior Trainer","3548.68","1250.00","0.00","1250.00","0.00","3","1","0","0","2","0","0.95","Janhavi","Jain","",""
"Studio SWEAT in 30","2024-03-08, 6:00 PM","Kwality House, Kemps Corner","Junior Trainer","2800.00","1250.00","0.00","1250.00","0.00","2","2","0","0","0","0","0.50","Janhavi","Jain","",""
"Studio Foundations","2024-03-07, 9:00 AM","Kwality House, Kemps Corner","Junior Trainer","0.00","1250.00","0.00","1250.00","0.00","0","0","0","0","0","0","0.83","Janhavi","Jain","",""
"Studio Cardio Barre Express","2024-03-07, 7:30 AM","Kwality House, Kemps Corner","Junior Trainer","41.37","1250.00","0.00","1250.00","0.00","2","1","0","0","1","1","0.75","Janhavi","Jain","",""
"Studio Barre 57","2024-03-06, 10:15 AM","Kwality House, Kemps Corner","Junior Trainer","1664.85","1250.00","0.00","1250.00","0.00","4","4","0","0","0","1","0.95","Janhavi","Jain","",""
"Studio Barre 57","2024-03-03, 11:30 AM","Kwality House, Kemps Corner","Junior Trainer","4698.51","1250.00","0.00","1250.00","0.00","4","4","0","0","0","0","0.95","Janhavi","Jain","",""
"Studio Cardio Barre","2024-03-03, 10:15 AM","Kwality House, Kemps Corner","Junior Trainer","4001.56","1250.00","0.00","1250.00","0.00","5","5","0","0","0","1","0.95","Janhavi","Jain","",""
"Studio Recovery","2024-03-02, 12:30 PM","Kwality House, Kemps Corner","Junior Trainer","0.00","1250.00","0.00","1250.00","0.00","0","0","0","0","0","0","0.50","Janhavi","Jain","",""
"Studio Cardio Barre","2024-03-02, 11:30 AM","Kwality House, Kemps Corner","Junior Trainer","2479.72","1250.00","0.00","1250.00","0.00","5","5","0","0","0","0","0.95","Janhavi","Jain","",""
"Studio Barre 57","2024-02-29, 6:45 PM","Kwality House, Kemps Corner","Junior Trainer","2827.87","1250.00","0.00","1250.00","0.00","3","3","0","0","0","0","0.95","Janhavi","Jain","",""
"Studio Barre 57 Express","2024-02-29, 5:45 PM","Kwality House, Kemps Corner","Junior Trainer","0.00","1250.00","0.00","1250.00","0.00","0","0","0","0","0","0","0.75","Janhavi","Jain","",""
"Studio Barre 57","2024-02-28, 10:15 AM","Kwality House, Kemps Corner","Junior Trainer","1910.37","1250.00","0.00","1250.00","0.00","3","3","0","0","0","1","0.95","Janhavi","Jain","",""
"Studio Barre 57","2024-02-25, 11:30 AM","Kwality House, Kemps Corner","Junior Trainer","1444.22","1250.00","0.00","1250.00","0.00","3","2","0","0","1","0","0.95","Janhavi","Jain","",""
"Studio Cardio Barre","2024-02-25, 10:15 AM","Kwality House, Kemps Corner","Junior Trainer","5028.91","1250.00","0.00","1250.00","0.00","8","8","0","0","0","0","0.95","Janhavi","Jain","",""
"Studio Barre 57","2024-02-23, 6:45 PM","Kwality House, Kemps Corner","Junior Trainer","3212.81","1250.00","0.00","1250.00","0.00","4","3","0","0","1","0","0.95","Janhavi","Jain","",""
"Studio SWEAT in 30","2024-02-23, 6:00 PM","Kwality House, Kemps Corner","Junior Trainer","882.12","1250.00","0.00","1250.00","0.00","2","2","0","0","0","0","0.50","Janhavi","Jain","",""
"Studio Barre 57","2024-02-22, 6:45 PM","Kwality House, Kemps Corner","Junior Trainer","4455.38","1250.00","0.00","1250.00","0.00","5","4","0","0","1","0","0.95","Janhavi","Jain","",""
"Studio Barre 57 Express","2024-02-22, 5:45 PM","Kwality House, Kemps Corner","Junior Trainer","3184.60","1250.00","0.00","1250.00","0.00","6","5","0","0","1","0","0.75","Janhavi","Jain","",""
"Studio Cardio Barre","2024-02-16, 6:30 PM","Taj Wellington Mews, Colaba, Mumbai","Junior Trainer","0.00","1250.00","0.00","1250.00","0.00","0","0","0","0","0","0","0.95","Janhavi","Jain","",""
"Studio Barre 57 Express","2024-02-16, 5:45 PM","Taj Wellington Mews, Colaba, Mumbai","Junior Trainer","0.00","1250.00","0.00","1250.00","0.00","0","0","0","0","0","0","0.75","Janhavi","Jain","",""
"Studio Barre 57","2024-02-15, 6:45 PM","Kwality House, Kemps Corner","Junior Trainer","2285.00","1250.00","0.00","1250.00","0.00","2","2","0","0","0","0","0.95","Janhavi","Jain","",""
"Studio Barre 57 Express","2024-02-15, 5:45 PM","Kwality House, Kemps Corner","Junior Trainer","4736.38","1250.00","0.00","1250.00","0.00","8","6","0","0","2","2","0.75","Janhavi","Jain","",""
"Studio Barre 57","2024-02-14, 10:30 AM","Kwality House, Kemps Corner","Junior Trainer","2166.68","1250.00","0.00","1250.00","0.00","4","4","0","0","0","1","0.95","Janhavi","Jain","",""
"Studio Barre 57","2024-02-14, 8:30 AM","Kwality House, Kemps Corner","Junior Trainer","4105.46","1250.00","0.00","1250.00","0.00","5","3","0","0","2","0","0.95","Janhavi","Jain","",""
"Studio Cardio Barre Express","2024-02-14, 7:30 AM","Kwality House, Kemps Corner","Junior Trainer","1409.04","1250.00","0.00","1250.00","0.00","2","2","0","0","0","0","0.75","Janhavi","Jain","",""
"Studio Barre 57","2024-02-12, 6:45 PM","Kwality House, Kemps Corner","Junior Trainer","6753.76","1250.00","0.00","1250.00","0.00","8","8","0","0","0","0","0.95","Janhavi","Jain","",""
"Studio Barre 57 Express","2024-02-12, 5:45 PM","Kwality House, Kemps Corner","Junior Trainer","4039.58","1250.00","0.00","1250.00","0.00","5","5","0","0","0","0","0.75","Janhavi","Jain","",""
"Studio Barre 57","2024-02-11, 11:30 AM","Kwality House, Kemps Corner","Junior Trainer","3631.83","1250.00","0.00","1250.00","0.00","6","6","0","0","0","3","0.95","Janhavi","Jain","",""
"Studio Cardio Barre","2024-02-11, 10:15 AM","Kwality House, Kemps Corner","Junior Trainer","2082.73","1250.00","0.00","1250.00","0.00","5","4","0","0","1","0","0.95","Janhavi","Jain","",""
"Studio Foundations","2024-02-10, 10:30 AM","Kwality House, Kemps Corner","Junior Trainer","62.75","1250.00","0.00","1250.00","0.00","2","2","0","0","0","0","0.83","Janhavi","Jain","",""
"Studio SWEAT in 30","2024-02-10, 9:45 AM","Kwality House, Kemps Corner","Junior Trainer","41.37","1250.00","0.00","1250.00","0.00","1","0","0","0","1","0","0.50","Janhavi","Jain","",""
"Studio Barre 57","2024-02-09, 6:45 PM","Kwality House, Kemps Corner","Junior Trainer","4928.53","1250.00","0.00","1250.00","0.00","6","6","0","0","0","0","0.95","Janhavi","Jain","",""
"Studio SWEAT in 30","2024-02-09, 6:00 PM","Kwality House, Kemps Corner","Junior Trainer","48.68","1250.00","0.00","1250.00","0.00","1","1","0","0","0","0","0.50","Janhavi","Jain","",""
"Studio Barre 57","2024-02-07, 10:30 AM","Kwality House, Kemps Corner","Junior Trainer","4161.92","1250.00","0.00","1250.00","0.00","3","3","0","0","0","0","0.95","Janhavi","Jain","",""
"Studio Barre 57","2024-01-25, 6:45 PM","Kwality House, Kemps Corner","Junior Trainer","6226.06","1250.00","0.00","1250.00","0.00","6","6","0","0","0","0","0.95","Janhavi","Jain","",""
"Studio Barre 57","2024-01-04, 6:45 PM","Kwality House, Kemps Corner","Junior Trainer","2798.88","1250.00","0.00","1250.00","0.00","3","1","0","0","2","0","0.95","Janhavi","Jain","",""
"Studio Barre 57","2024-02-01, 6:45 PM","Kwality House, Kemps Corner","Junior Trainer","756.01","1250.00","0.00","1250.00","0.00","2","2","0","0","0","0","0.95","Janhavi","Jain","",""
"Studio Barre 57","2024-01-18, 6:45 PM","Kwality House, Kemps Corner","Junior Trainer","5682.17","1250.00","0.00","1250.00","0.00","6","6","0","0","0","0","0.95","Janhavi","Jain","",""
"Studio Barre 57 Express","2024-02-01, 5:45 PM","Kwality House, Kemps Corner","Junior Trainer","1462.75","1250.00","0.00","1250.00","0.00","3","3","0","0","0","0","0.75","Janhavi","Jain","",""
"Studio Barre 57 Express","2024-01-18, 5:45 PM","Kwality House, Kemps Corner","Junior Trainer","4594.64","1250.00","0.00","1250.00","0.00","5","4","0","0","1","1","0.75","Janhavi","Jain","",""
"Studio Barre 57 Express","2024-01-25, 5:45 PM","Kwality House, Kemps Corner","Junior Trainer","2835.54","1250.00","0.00","1250.00","0.00","4","4","0","0","0","0","0.75","Janhavi","Jain","",""
"Studio Barre 57 Express","2024-01-04, 5:45 PM","Kwality House, Kemps Corner","Junior Trainer","5369.19","1250.00","0.00","1250.00","0.00","7","6","0","0","1","0","0.75","Janhavi","Jain","",""
"Studio FIT","2024-01-31, 11:30 AM","Kwality House, Kemps Corner","Junior Trainer","2506.36","1250.00","0.00","1250.00","0.00","8","8","0","0","0","2","0.83","Janhavi","Jain","",""
"Studio Barre 57","2024-01-24, 10:30 AM","Kwality House, Kemps Corner","Junior Trainer","3959.43","1250.00","0.00","1250.00","0.00","11","10","0","0","1","4","0.95","Janhavi","Jain","",""
"Studio Barre 57","2024-01-03, 10:30 AM","Kwality House, Kemps Corner","Junior Trainer","2780.34","1250.00","0.00","1250.00","0.00","5","5","0","0","0","1","0.95","Janhavi","Jain","",""
"Studio Barre 57","2024-01-17, 10:30 AM","Kwality House, Kemps Corner","Junior Trainer","3917.42","1250.00","0.00","1250.00","0.00","7","7","0","0","0","1","0.95","Janhavi","Jain","",""
"Studio Barre 57","2024-01-10, 10:30 AM","Kwality House, Kemps Corner","Junior Trainer","2097.89","1250.00","0.00","1250.00","0.00","5","5","0","0","0","1","0.95","Janhavi","Jain","",""
"Studio Back Body Blaze","2024-01-31, 9:00 AM","Kwality House, Kemps Corner","Junior Trainer","5764.13","1250.00","0.00","1250.00","0.00","15","14","0","0","1","3","0.95","Janhavi","Jain","",""
"Studio Back Body Blaze","2024-01-10, 9:00 AM","Kwality House, Kemps Corner","Junior Trainer","7880.25","1250.00","0.00","1250.00","0.00","14","13","0","0","1","0","0.95","Janhavi","Jain","",""
"Studio Foundations","2024-01-11, 9:00 AM","Kwality House, Kemps Corner","Junior Trainer","2498.57","1250.00","0.00","1250.00","0.00","3","3","0","0","0","0","0.83","Janhavi","Jain","",""
"Studio Cardio Barre Express","2024-01-11, 7:30 AM","Kwality House, Kemps Corner","Junior Trainer","1816.03","1250.00","0.00","1250.00","0.00","2","1","0","0","1","0","0.75","Janhavi","Jain","",""
"Studio Barre 57","2024-02-02, 6:45 PM","Kwality House, Kemps Corner","Junior Trainer","4660.78","1250.00","0.00","1250.00","0.00","5","5","0","0","0","0","0.95","Janhavi","Jain","",""
"Studio Barre 57","2024-01-19, 6:45 PM","Kwality House, Kemps Corner","Junior Trainer","2276.67","1250.00","0.00","1250.00","0.00","3","2","0","0","1","1","0.95","Janhavi","Jain","",""
"Studio Barre 57","2024-01-05, 6:45 PM","Kwality House, Kemps Corner","Junior Trainer","3996.67","1250.00","0.00","1250.00","0.00","5","4","0","0","1","1","0.95","Janhavi","Jain","",""
"Studio SWEAT in 30","2024-01-19, 6:00 PM","Kwality House, Kemps Corner","Junior Trainer","2918.00","1250.00","0.00","1250.00","0.00","4","4","0","0","0","0","0.50","Janhavi","Jain","",""
"Studio SWEAT in 30","2024-02-02, 6:00 PM","Kwality House, Kemps Corner","Junior Trainer","896.80","1250.00","0.00","1250.00","0.00","1","1","0","0","0","0","0.50","Janhavi","Jain","",""
"Studio SWEAT in 30","2024-01-05, 6:00 PM","Kwality House, Kemps Corner","Junior Trainer","3460.28","1250.00","0.00","1250.00","0.00","5","4","0","0","1","0","0.50","Janhavi","Jain","",""
"Studio Back Body Blaze","2024-01-12, 9:00 AM","Taj Wellington Mews, Colaba, Mumbai","Junior Trainer","2800.00","1250.00","0.00","1250.00","0.00","2","2","0","0","0","0","0.95","Janhavi","Jain","",""
"Studio Barre 57 Express","2024-01-12, 7:45 AM","Taj Wellington Mews, Colaba, Mumbai","Junior Trainer","1876.27","1250.00","0.00","1250.00","0.00","4","3","0","0","1","1","0.75","Janhavi","Jain","",""
"Studio Foundations","2024-01-13, 10:30 AM","Kwality House, Kemps Corner","Junior Trainer","0.00","1250.00","0.00","1250.00","0.00","1","1","0","0","0","1","0.83","Janhavi","Jain","",""
"Studio Foundations","2024-01-27, 10:30 AM","Kwality House, Kemps Corner","Junior Trainer","1386.50","1250.00","0.00","1250.00","0.00","1","1","0","0","0","0","0.83","Janhavi","Jain","",""
"Studio SWEAT in 30","2024-01-13, 9:45 AM","Kwality House, Kemps Corner","Junior Trainer","2162.40","1250.00","0.00","1250.00","0.00","5","3","0","0","2","0","0.50","Janhavi","Jain","",""
"Studio SWEAT in 30","2024-01-27, 9:45 AM","Kwality House, Kemps Corner","Junior Trainer","581.76","1250.00","0.00","1250.00","0.00","3","3","0","0","0","0","0.50","Janhavi","Jain","",""
"Studio Barre 57","2024-02-04, 11:30 AM","Kwality House, Kemps Corner","Junior Trainer","5081.34","1250.00","0.00","1250.00","0.00","6","6","0","0","0","0","0.95","Janhavi","Jain","",""
"Studio Barre 57","2024-01-07, 11:30 AM","Kwality House, Kemps Corner","Junior Trainer","407.64","1250.00","0.00","1250.00","0.00","3","3","0","0","0","2","0.95","Janhavi","Jain","",""
"Studio Barre 57","2024-01-28, 11:30 AM","Kwality House, Kemps Corner","Junior Trainer","3535.91","1250.00","0.00","1250.00","0.00","7","6","0","0","1","0","0.95","Janhavi","Jain","",""
"Studio Barre 57","2024-01-14, 11:30 AM","Kwality House, Kemps Corner","Junior Trainer","4741.37","1250.00","0.00","1250.00","0.00","8","6","0","0","2","3","0.95","Janhavi","Jain","",""
"Studio Cardio Barre","2024-01-28, 10:15 AM","Kwality House, Kemps Corner","Junior Trainer","3631.19","1250.00","0.00","1250.00","0.00","4","4","0","0","0","0","0.95","Janhavi","Jain","",""
"Studio Cardio Barre","2024-02-04, 10:15 AM","Kwality House, Kemps Corner","Junior Trainer","3362.63","1250.00","0.00","1250.00","0.00","3","3","0","0","0","0","0.95","Janhavi","Jain","",""
"Studio Cardio Barre","2024-01-07, 10:15 AM","Kwality House, Kemps Corner","Junior Trainer","6138.99","1250.00","0.00","1250.00","0.00","10","8","0","0","2","0","0.95","Janhavi","Jain","",""
"Studio Cardio Barre","2024-01-14, 10:15 AM","Kwality House, Kemps Corner","Junior Trainer","2018.48","1250.00","0.00","1250.00","0.00","8","7","0","0","1","2","0.95","Janhavi","Jain","",""