"Class name","Class date","Location","Payrate","Time (h)","Teacher First Name","Teacher Last Name","Employee Code","Payrate Code","Customer Name","Customer Email","Sale Date","Checked in","Comp","Late Cancelled","Payment Method","Payment Method Name","Paid","Teacher Payout"
"Studio Cardio Barre","2025-09-07, 11:30 AM","Supreme HQ, Bandra","Junior Trainer","1.00","Simonelle","De Vitre","","","Prachi Ghadge","prachighadge1@gmail.com","2025-09-03, 8:08 AM","No","No","No","Subscription","Studio 1 Month Unlimited Membership","817.95","0.00"
"Studio Cardio Barre","2025-09-07, 11:30 AM","Supreme HQ, Bandra","Junior Trainer","1.00","Simonelle","De Vitre","","","Arnav Gupta","arnav147gupta@yahoo.com","2025-09-02, 9:27 AM","No","No","No","Subscription","Barre 1 month Unlimited ","1500.00","0.00"
"Studio Cardio Barre","2025-09-07, 11:30 AM","Supreme HQ, Bandra","Junior Trainer","1.00","Simonelle","De Vitre","","","Nikita Mujumdar","nikita.mujumdar@gmail.com","2025-09-01, 4:05 PM","No","No","No","Subscription","Studio 3 Month Unlimited Membership","42.00","0.00"
"Studio Cardio Barre","2025-09-05, 7:15 PM","Supreme HQ, Bandra","Junior Trainer","1.00","Simonelle","De Vitre","","","Kanchaan Kaicker ","kanchaan1991@gmail.com","2025-09-02, 10:51 PM","No","No","No","Subscription","Studio 1 Month Unlimited Membership","254.93","0.00"
"Studio Cardio Barre","2025-09-05, 7:15 PM","Supreme HQ, Bandra","Junior Trainer","1.00","Simonelle","De Vitre","","","Raashi Mehra","raashimehra30@gmail.com","2025-09-01, 7:30 AM","No","No","No","Subscription","Studio 6 Month Unlimited Membership","1500.00","0.00"
"Studio Cardio Barre","2025-08-28, 10:15 AM","Kwality House, Kemps Corner","Junior Trainer","0.95","Simonelle","De Vitre","","","Jeenoo Khakhar","jeenookhakhar@gmail.com","2025-08-28, 10:23 AM","Yes","No","No","Subscription","Studio Annual Unlimited Membership","15.58","0.00"
"Studio Cardio Barre","2025-08-28, 10:15 AM","Kwality House, Kemps Corner","Junior Trainer","0.95","Simonelle","De Vitre","","","Mustafa  Tashkandi ","mustufatashkandi@hotmail.com","2025-08-28, 10:03 AM","Yes","No","No","Subscription","Studio 1 Month Unlimited Membership","347.63","0.00"
"Studio Cardio Barre","2025-08-28, 10:15 AM","Kwality House, Kemps Corner","Junior Trainer","0.95","Simonelle","De Vitre","","","Ridhiema Batra Eo","batraridhiema@gmail.com","2025-08-28, 8:12 AM","No","No","Yes","Subscription","Studio 1 Month Unlimited Membership","1058.53","0.00"
"Studio Cardio Barre","2025-08-28, 10:15 AM","Kwality House, Kemps Corner","Junior Trainer","0.95","Simonelle","De Vitre","","","Aaria Mitra","aariamitra34@gmail.com","2025-08-27, 7:03 PM","No","No","Yes","Subscription","Studio 1 Month Unlimited Membership","692.12","0.00"
"Studio Cardio Barre","2025-08-28, 10:15 AM","Kwality House, Kemps Corner","Junior Trainer","0.95","Simonelle","De Vitre","","","Anahat Singh ","anahatnandinisingh@gmail.com","2025-08-27, 7:03 PM","No","No","Yes","Subscription","Studio 1 Month Unlimited Membership","236.78","0.00"
"Studio Cardio Barre","2025-08-28, 10:15 AM","Kwality House, Kemps Corner","Junior Trainer","0.95","Simonelle","De Vitre","","","aisha negani","aishanegani13@gmail.com","2025-08-25, 6:45 PM","No","No","Yes","Subscription","Studio 1 Month Unlimited Membership","674.81","0.00"
"Studio Barre 57","2025-08-28, 9:00 AM","Kwality House, Kemps Corner","Junior Trainer","0.95","Simonelle","De Vitre","","","Kiran Nebhnani","kirannebhnani14@gmail.com","2025-08-28, 9:02 AM","Yes","No","No","Subscription","Studio 3 Month Unlimited Membership","1500.00","0.00"
"Studio Barre 57","2025-08-28, 9:00 AM","Kwality House, Kemps Corner","Junior Trainer","0.95","Simonelle","De Vitre","","","Mira Chhatwal","mirachhatwal15@gmail.com","2025-08-27, 11:05 PM","Yes","No","No","Subscription","Studio 12 Class Package","1479.92","0.00"
"Studio Barre 57","2025-08-28, 9:00 AM","Kwality House, Kemps Corner","Junior Trainer","0.95","Simonelle","De Vitre","","","Simran Khanna","simrankhanna503@gmail.com","2025-08-27, 8:01 PM","Yes","No","No","Subscription","Studio 8 Class Package","1500.00","0.00"
"Studio Barre 57","2025-08-28, 9:00 AM","Kwality House, Kemps Corner","Junior Trainer","0.95","Simonelle","De Vitre","","","Jiyaa Kalra","kalrajiyaa@gmail.com","2025-08-27, 7:25 PM","No","No","Yes","Subscription","Studio 3 Month Unlimited Membership","51.33","0.00"
"Studio Barre 57","2025-08-20, 7:00 PM","Kwality House, Kemps Corner","Junior Trainer","0.95","Simonelle","De Vitre","","","Siya Tantia","siya.tantia@gmail.com","2025-09-02, 3:13 PM","Yes","No","No","Package","Studio 4 Class Package","1500.00","0.00"
"Studio Barre 57","2025-08-20, 7:00 PM","Kwality House, Kemps Corner","Junior Trainer","0.95","Simonelle","De Vitre","","","Mustafa  Tashkandi ","mustufatashkandi@hotmail.com","2025-08-20, 6:14 PM","Yes","No","No","Subscription","Studio 1 Month Unlimited Membership","347.63","0.00"
"Studio Barre 57","2025-09-03, 7:15 PM","Supreme HQ, Bandra","Junior Trainer","0.95","Simonelle","De Vitre","","","Prianca Jhaveri","priancajhaveri@gmail.com","2025-09-02, 8:57 PM","No","No","No","Subscription","Studio 3 Month Unlimited Membership","46.20","0.00"
"Studio Barre 57","2025-09-03, 7:15 PM","Supreme HQ, Bandra","Junior Trainer","0.95","Simonelle","De Vitre","","","Margaud Chazeau","margaud.chazeau@outlook.com","2025-09-02, 10:27 AM","No","No","No","Subscription","Studio 12 Class Package","1479.92","0.00"
"Studio Barre 57","2025-09-03, 7:15 PM","Supreme HQ, Bandra","Junior Trainer","0.95","Simonelle","De Vitre","","","Lianne Trowbridge","l.trowbridge@hotmail.com","2025-09-02, 10:24 AM","No","No","No","Subscription","Studio 10 Single Class Pack","1500.00","0.00"
"Studio Barre 57","2025-09-03, 7:15 PM","Supreme HQ, Bandra","Junior Trainer","0.95","Simonelle","De Vitre","","","Saphia Vall","saphiavall@yahoo.fr","2025-09-01, 8:37 PM","No","No","No","Package","Newcomers 2 For 1","885.00","0.00"
"Studio Barre 57","2025-09-03, 7:15 PM","Supreme HQ, Bandra","Junior Trainer","0.95","Simonelle","De Vitre","","","Simran Savani","savani.simran@gmail.com","2025-09-01, 6:16 PM","No","No","No","Package","Studio Open Barre Class","0.00","0.00"
"Studio Barre 57","2025-09-03, 7:15 PM","Supreme HQ, Bandra","Junior Trainer","0.95","Simonelle","De Vitre","","","Tanvi Udwani","udwanimahesh7@gmail.com","2025-08-31, 11:06 AM","No","No","No","Package","Studio Open Barre Class","0.00","0.00"
"Studio Barre 57","2025-08-27, 7:15 PM","Supreme HQ, Bandra","Junior Trainer","0.95","Simonelle","De Vitre","","","Avneet Kaur Ghai","avneetksahni@gmail.com","2025-08-27, 6:49 PM","Yes","No","No","Subscription","Studio 12 Class Package","1479.92","0.00"
"Studio Barre 57","2025-08-27, 7:15 PM","Supreme HQ, Bandra","Junior Trainer","0.95","Simonelle","De Vitre","","","Khyati Dand","khyatidand@gmail.com","2025-08-25, 5:53 PM","No","No","Yes","Subscription","Studio 1 Month Unlimited Membership","461.41","0.00"
"Studio Cardio Barre Express","2025-09-03, 6:00 PM","Supreme HQ, Bandra","Junior Trainer","0.75","Simonelle","De Vitre","","","Naële Marti","naele.marti@gmail.com","2025-09-02, 11:11 AM","No","No","No","Package","Studio 4 Class Package","1500.00","0.00"
"Studio Cardio Barre Express","2025-09-03, 6:00 PM","Supreme HQ, Bandra","Junior Trainer","0.75","Simonelle","De Vitre","","","Raveena Shahpuri","raveenashahpuri@gmail.com","2025-08-30, 5:40 PM","No","No","No","Subscription","Studio 3 Month Unlimited Membership","51.33","0.00"
"Studio Cardio Barre Express","2025-09-03, 6:00 PM","Supreme HQ, Bandra","Junior Trainer","0.75","Simonelle","De Vitre","","","Shreya  Sharma","shreya.454@gmail.com","2025-08-28, 12:56 PM","No","No","No","Subscription","Studio Annual Unlimited Membership","1500.00","0.00"
"Studio Cardio Barre Express","2025-08-27, 6:00 PM","Supreme HQ, Bandra","Junior Trainer","0.75","Simonelle","De Vitre","","","Aaria Mitra","aariamitra34@gmail.com","2025-08-27, 11:28 AM","Yes","No","No","Subscription","Studio 1 Month Unlimited Membership","692.12","0.00"
"Studio Cardio Barre Express","2025-08-27, 6:00 PM","Supreme HQ, Bandra","Junior Trainer","0.75","Simonelle","De Vitre","","","Anahat Singh ","anahatnandinisingh@gmail.com","2025-08-27, 11:22 AM","Yes","No","No","Subscription","Studio 1 Month Unlimited Membership","236.78","0.00"
"Studio Cardio Barre Express","2025-08-27, 6:00 PM","Supreme HQ, Bandra","Junior Trainer","0.75","Simonelle","De Vitre","","","Raashi Mehra","raashimehra30@gmail.com","2025-08-27, 9:42 AM","No","No","Yes","Subscription","Studio 6 Month Unlimited Membership","1500.00","0.00"
"Studio Cardio Barre Express","2025-08-27, 6:00 PM","Supreme HQ, Bandra","Junior Trainer","0.75","Simonelle","De Vitre","","","Shivika Singh","shivika30@yahoo.in","2025-08-26, 1:24 PM","No","No","Yes","Subscription","Studio 1 Month Unlimited Membership","248.21","0.00"
"Studio Barre 57","2025-08-25, 10:00 AM","Kwality House, Kemps Corner","Junior Trainer","0.95","Simonelle","De Vitre","","","Amy Dastur","dasturamy93@gmail.com","2025-08-25, 11:20 AM","Yes","No","No","Subscription","Studio 1 Month Unlimited Membership","1500.00","0.00"
"Studio Barre 57","2025-08-25, 10:00 AM","Kwality House, Kemps Corner","Junior Trainer","0.95","Simonelle","De Vitre","","","Krrisha  Patel","krrishapatel46@gmail.com","2025-08-25, 10:04 AM","Yes","No","No","Subscription","Studio 3 Month Unlimited Membership","1399.91","0.00"
"Studio Barre 57","2025-08-25, 10:00 AM","Kwality House, Kemps Corner","Junior Trainer","0.95","Simonelle","De Vitre","","","Mallika Kumar","malikakumar60@gmail.com","2025-08-25, 9:48 AM","Yes","No","No","Subscription","Studio 1 Month Unlimited Membership","1285.36","0.00"
"Studio Barre 57","2025-08-25, 10:00 AM","Kwality House, Kemps Corner","Junior Trainer","0.95","Simonelle","De Vitre","","","Devia  Cornelius ","devia.cornelius@gmail.com","2025-08-25, 9:42 AM","Yes","No","No","Subscription","Studio Annual Unlimited Membership","15.01","0.00"
"Studio Barre 57","2025-08-25, 10:00 AM","Kwality House, Kemps Corner","Junior Trainer","0.95","Simonelle","De Vitre","","","Nonita Mehta","nonita_mehta@hotmail.com","2025-08-25, 9:13 AM","Yes","No","No","Subscription","Studio 12 Class Package","1479.92","0.00"
"Studio Barre 57","2025-08-25, 10:00 AM","Kwality House, Kemps Corner","Junior Trainer","0.95","Simonelle","De Vitre","","","Devlina Dalal","devlina_3492@hotmail.com","2025-08-24, 9:57 PM","Yes","No","No","Subscription","Studio 1 Month Unlimited Membership","1384.23","0.00"
"Studio Barre 57","2025-08-25, 10:00 AM","Kwality House, Kemps Corner","Junior Trainer","0.95","Simonelle","De Vitre","","","Khyati Doshi","khyati.doshi1995@gmail.com","2025-08-24, 9:14 PM","Yes","No","No","Subscription","Studio 1 Month Unlimited Membership","1500.00","0.00"
"Studio Barre 57","2025-09-01, 10:00 AM","Kwality House, Kemps Corner","Junior Trainer","0.95","Simonelle","De Vitre","","","Lavina Sadhwani","lavinahongkong@gmail.com","2025-09-01, 1:18 PM","Yes","No","No","Subscription","Barre 1 month Unlimited ","1500.00","0.00"
"Studio Barre 57","2025-09-01, 10:00 AM","Kwality House, Kemps Corner","Junior Trainer","0.95","Simonelle","De Vitre","","","Anuva Agarwal","anuvaj@gmail.com","2025-09-01, 1:13 PM","Yes","No","No","Subscription","Studio 8 Class Package","1500.00","0.00"
"Studio Barre 57","2025-09-01, 10:00 AM","Kwality House, Kemps Corner","Junior Trainer","0.95","Simonelle","De Vitre","","","Soumya  Sharma ","soumyasha@gmail.com","2025-09-01, 10:29 AM","Yes","No","No","Package","Newcomers 2 For 1","885.00","0.00"
"Studio Barre 57","2025-09-01, 10:00 AM","Kwality House, Kemps Corner","Junior Trainer","0.95","Simonelle","De Vitre","","","Maya Datwani","maya.datwani@gmail.com","2025-09-01, 9:59 AM","Yes","No","No","Subscription","Studio 1 Month Unlimited Membership","1199.67","0.00"
"Studio Barre 57","2025-09-01, 10:00 AM","Kwality House, Kemps Corner","Junior Trainer","0.95","Simonelle","De Vitre","","","Rina Deora","rinadeora@hotmail.com","2025-09-01, 9:51 AM","Yes","No","No","Subscription","Studio Annual Unlimited Membership","14.60","0.00"
"Studio Barre 57","2025-09-01, 10:00 AM","Kwality House, Kemps Corner","Junior Trainer","0.95","Simonelle","De Vitre","","","Mallika Kumar","malikakumar60@gmail.com","2025-09-01, 9:34 AM","Yes","No","No","Subscription","Studio 1 Month Unlimited Membership","1285.36","0.00"
"Studio Barre 57","2025-09-01, 10:00 AM","Kwality House, Kemps Corner","Junior Trainer","0.95","Simonelle","De Vitre","","","Samara Shah","samarashah2005@gmail.com","2025-09-01, 8:49 AM","Yes","No","No","Package","Studio 4 Class Package","1500.00","0.00"
"Studio Barre 57","2025-08-25, 7:30 AM","Kwality House, Kemps Corner","Junior Trainer","0.95","Simonelle","De Vitre","","","Suchita  Salwan","such.sal15@gmail.com","2025-08-25, 8:31 AM","Yes","No","No","Subscription","Studio Extended 10 Single Class Pack","1500.00","0.00"
"Studio Barre 57","2025-08-25, 7:30 AM","Kwality House, Kemps Corner","Junior Trainer","0.95","Simonelle","De Vitre","","","Malcolm Mistry","malcolm@ushtate.com","2025-08-25, 6:58 AM","Yes","No","No","Subscription","Studio 6 Month Unlimited Membership","686.05","0.00"
"Studio Barre 57","2025-08-25, 7:30 AM","Kwality House, Kemps Corner","Junior Trainer","0.95","Simonelle","De Vitre","","","Mustafa  Tashkandi ","mustufatashkandi@hotmail.com","2025-08-24, 8:47 PM","No","No","Yes","Subscription","Studio 1 Month Unlimited Membership","347.63","0.00"
"Studio Barre 57","2025-08-25, 7:30 AM","Kwality House, Kemps Corner","Junior Trainer","0.95","Simonelle","De Vitre","","","Sabiha Ghiasi ","sabiha.ghiasi@gmail.com","2025-08-24, 4:20 PM","Yes","No","No","Subscription","Studio 6 Month Unlimited Membership","1105.64","0.00"
"Studio Barre 57","2025-08-25, 7:30 AM","Kwality House, Kemps Corner","Junior Trainer","0.95","Simonelle","De Vitre","","","Noor Parvin","noorparvin@gmail.com","2025-08-24, 3:24 PM","Yes","No","No","Subscription","Studio 6 Month Unlimited Membership","1008.90","0.00"
"Studio Barre 57","2025-08-25, 7:30 AM","Kwality House, Kemps Corner","Junior Trainer","0.95","Simonelle","De Vitre","","","Surabhi Agrawal","surabhi.gini@gmail.com","2025-08-24, 2:58 PM","Yes","No","No","Subscription","Studio 6 Month Unlimited Membership","612.55","0.00"
"Studio Barre 57","2025-08-25, 7:30 AM","Kwality House, Kemps Corner","Junior Trainer","0.95","Simonelle","De Vitre","","","Nandini Kothari","nandini1998@hotmail.com","2025-08-23, 5:46 PM","Yes","No","No","Subscription","Studio 6 Month Unlimited Membership","606.86","0.00"
"Studio Barre 57","2025-08-25, 7:30 AM","Kwality House, Kemps Corner","Junior Trainer","0.95","Simonelle","De Vitre","","","Hena Kapadia","hena88+1@gmail.com","2025-08-22, 8:23 AM","Yes","No","No","Subscription","Studio 1 Month Unlimited Membership","1285.36","0.00"
"Studio Barre 57","2025-08-25, 7:30 AM","Kwality House, Kemps Corner","Junior Trainer","0.95","Simonelle","De Vitre","","","Simran Shahani","simran_shahani@icloud.com","2025-08-21, 11:15 PM","Yes","No","No","Subscription","Studio 3 Month Unlimited Membership","1500.00","0.00"
"Studio Barre 57","2025-08-25, 7:30 AM","Kwality House, Kemps Corner","Junior Trainer","0.95","Simonelle","De Vitre","","","Shikhar  Garodia","shikhargarodia@gmail.com","2025-08-21, 3:06 PM","No","No","Yes","Subscription","Studio 1 Month Unlimited Membership","712.13","0.00"
"Studio Barre 57","2025-09-01, 7:30 AM","Kwality House, Kemps Corner","Junior Trainer","0.95","Simonelle","De Vitre","","","Malcolm Mistry","malcolm@ushtate.com","2025-09-01, 7:30 AM","Yes","No","No","Subscription","Studio 6 Month Unlimited Membership","686.05","0.00"
"Studio Barre 57","2025-09-01, 7:30 AM","Kwality House, Kemps Corner","Junior Trainer","0.95","Simonelle","De Vitre","","","Swetha Jain","swethajain4@gmail.com","2025-09-01, 7:17 AM","Yes","No","No","Subscription","Studio 3 Month Unlimited Membership","1500.00","0.00"
"Studio Barre 57","2025-09-01, 7:30 AM","Kwality House, Kemps Corner","Junior Trainer","0.95","Simonelle","De Vitre","","","Rohan Rathod","rohankrathod@gmail.com","2025-08-31, 8:35 PM","Yes","No","No","Package","","0.00","0.00"
"Studio Barre 57","2025-09-01, 7:30 AM","Kwality House, Kemps Corner","Junior Trainer","0.95","Simonelle","De Vitre","","","Hinal Kuvadia","kuvadia.hinal@gmail.com","2025-08-30, 11:43 AM","No","No","Yes","Subscription","Studio 1 Month Unlimited Membership","1384.23","0.00"
"Studio Barre 57","2025-09-01, 7:30 AM","Kwality House, Kemps Corner","Junior Trainer","0.95","Simonelle","De Vitre","","","Aakash Kale","aakash027@gmail.com","2025-08-28, 9:03 PM","Yes","No","No","Subscription","Studio Extended 10 Single Class Pack","1500.00","0.00"
"Studio Barre 57","2025-09-01, 7:30 AM","Kwality House, Kemps Corner","Junior Trainer","0.95","Simonelle","De Vitre","","","Shikhar  Garodia","shikhargarodia@gmail.com","2025-08-28, 10:59 AM","Yes","No","No","Subscription","Studio 1 Month Unlimited Membership","712.13","0.00"
"Studio Barre 57","2025-08-18, 11:30 AM","Kwality House, Kemps Corner","Junior Trainer","0.95","Simonelle","De Vitre","","","Karishma Gowani","k.gowani@mac.com","2025-08-18, 1:10 PM","Yes","No","No","Package","Studio 4 Class Package","1500.00","0.00"
"Studio Barre 57","2025-08-18, 11:30 AM","Kwality House, Kemps Corner","Junior Trainer","0.95","Simonelle","De Vitre","","","Deshna Kasliwal","deshna12@gmail.com","2025-08-18, 10:01 AM","No","No","Yes","Subscription","Studio 6 Month Unlimited Membership","1500.00","0.00"
"Studio Barre 57","2025-08-20, 5:45 PM","Kwality House, Kemps Corner","Junior Trainer","0.95","Simonelle","De Vitre","","","Safiyyah Kapadia","safiyyahkapadia@gmail.com","2025-08-20, 6:48 PM","Yes","No","No","Subscription","Studio 1 Month Unlimited Membership","852.39","0.00"
"Studio Barre 57","2025-08-20, 5:45 PM","Kwality House, Kemps Corner","Junior Trainer","0.95","Simonelle","De Vitre","","","Tara  Daswani","daswanitara@gmail.com","2025-08-20, 5:43 PM","Yes","No","No","Subscription","Studio 8 Class Package","1203.60","0.00"
"Studio Barre 57","2025-08-20, 5:45 PM","Kwality House, Kemps Corner","Junior Trainer","0.95","Simonelle","De Vitre","","","Saarah Adenwala","saarahadenwala@gmail.com","2025-08-20, 3:21 PM","Yes","No","No","Subscription","Studio 1 Month Unlimited Membership","339.91","0.00"
"Studio Barre 57","2025-08-20, 5:45 PM","Kwality House, Kemps Corner","Junior Trainer","0.95","Simonelle","De Vitre","","","aisha negani","aishanegani13@gmail.com","2025-08-20, 2:52 PM","Yes","No","No","Subscription","Studio 1 Month Unlimited Membership","674.81","0.00"
"Studio Barre 57","2025-08-20, 5:45 PM","Kwality House, Kemps Corner","Junior Trainer","0.95","Simonelle","De Vitre","","","Tisha Hegde","tisha.hegde@gmail.com","2025-08-20, 1:20 PM","Yes","No","No","Subscription","Studio 12 Class Package","1257.93","0.00"
"Studio Barre 57","2025-08-20, 5:45 PM","Kwality House, Kemps Corner","Junior Trainer","0.95","Simonelle","De Vitre","","","Anu Patel","anu.patel91@gmail.com","2025-08-20, 11:42 AM","No","No","Yes","Subscription","Studio 3 Month Unlimited Membership","1500.00","0.00"
"Studio Barre 57","2025-08-20, 5:45 PM","Kwality House, Kemps Corner","Junior Trainer","0.95","Simonelle","De Vitre","","","Sanjana Dharnidharka","sanjana.tajpuriya2@gmail.com","2025-08-20, 11:10 AM","Yes","No","No","Subscription","Studio 1 Month Unlimited Membership","1500.00","0.00"
"Studio Barre 57","2025-08-20, 5:45 PM","Kwality House, Kemps Corner","Junior Trainer","0.95","Simonelle","De Vitre","","","Aleesha Jadhav","aleeshajadhav@gmail.com","2025-08-20, 2:46 AM","Yes","No","No","Subscription","Studio 1 Month Unlimited Membership","1500.00","0.00"
"Studio Cardio Barre Express","2025-08-19, 10:15 AM","Kwality House, Kemps Corner","Junior Trainer","0.75","Simonelle","De Vitre","","","Isha Mogul","isha.mogul@simogul.com","2025-08-19, 9:35 AM","No","No","Yes","Subscription","Studio 6 Month Unlimited Membership","1500.00","0.00"
"Studio Cardio Barre Express","2025-08-19, 10:15 AM","Kwality House, Kemps Corner","Junior Trainer","0.75","Simonelle","De Vitre","","","Nandini Kapashi","nandini.kapashi@gmail.com","2025-08-19, 8:30 AM","Yes","No","No","Subscription","Studio Annual Unlimited Membership","15.01","0.00"
"Studio Cardio Barre Express","2025-08-19, 10:15 AM","Kwality House, Kemps Corner","Junior Trainer","0.75","Simonelle","De Vitre","","","Sonya Bajaj","sonyabbajaj@gmail.com","2025-08-18, 8:52 PM","Yes","No","No","Package","Studio 2 Week Unlimited Membership","10.04","0.00"
"Studio Barre 57","2025-08-19, 9:00 AM","Kwality House, Kemps Corner","Junior Trainer","0.95","Simonelle","De Vitre","","","Mustafa  Tashkandi ","mustufatashkandi@hotmail.com","2025-08-19, 3:22 AM","No","No","Yes","Subscription","Studio 1 Month Unlimited Membership","347.63","0.00"
"Studio Barre 57","2025-08-19, 9:00 AM","Kwality House, Kemps Corner","Junior Trainer","0.95","Simonelle","De Vitre","","","Deshna Kasliwal","deshna12@gmail.com","2025-08-19, 12:12 AM","No","No","Yes","Subscription","Studio 6 Month Unlimited Membership","1500.00","0.00"
"Studio Barre 57","2025-08-19, 9:00 AM","Kwality House, Kemps Corner","Junior Trainer","0.95","Simonelle","De Vitre","","","Krutika Mehta","krutika.harianto@gmail.com","2025-08-18, 11:00 PM","Yes","No","No","Subscription","Studio 12 Class Package","1479.92","0.00"
"Studio Barre 57","2025-08-19, 9:00 AM","Kwality House, Kemps Corner","Junior Trainer","0.95","Simonelle","De Vitre","","","Madhavi  Gosalia","gosaliamadhavig@gmail.com","2025-08-18, 9:00 PM","Yes","No","No","Subscription","Studio 10 Single Class Pack","1500.00","0.00"
"Studio Barre 57","2025-08-19, 9:00 AM","Kwality House, Kemps Corner","Junior Trainer","0.95","Simonelle","De Vitre","","","Simran Advani","simranadvani@hotmail.com","2025-08-17, 7:45 PM","Yes","No","No","Subscription","Studio 20 Single Class Pack","1500.00","0.00"
"Studio Barre 57","2025-08-19, 9:00 AM","Kwality House, Kemps Corner","Junior Trainer","0.95","Simonelle","De Vitre","","","Hena Kapadia","hena88+1@gmail.com","2025-08-16, 12:51 PM","No","No","Yes","Subscription","Studio 1 Month Unlimited Membership","1285.36","0.00"
"Studio Barre 57","2025-08-18, 10:15 AM","Kwality House, Kemps Corner","","0.95","Simonelle","De Vitre","","","Ria Chauhan Vora","ria@apwig.com","2025-08-18, 10:13 AM","Yes","No","No","Subscription","Studio 8 Class Package","1500.00","0.00"
"Studio Barre 57","2025-08-18, 10:15 AM","Kwality House, Kemps Corner","","0.95","Simonelle","De Vitre","","","Devina Narvekar","devinad88@gmail.com","2025-08-18, 10:08 AM","Yes","No","No","Subscription","Studio 8 Class Package","1500.00","0.00"
"Studio Barre 57","2025-08-18, 10:15 AM","Kwality House, Kemps Corner","","0.95","Simonelle","De Vitre","","","Nikita Pacheriwal","ntodi@hotmail.com","2025-08-18, 9:54 AM","Yes","No","No","Subscription","Studio 3 Month Unlimited Membership","51.33","0.00"
"Studio Barre 57","2025-08-18, 10:15 AM","Kwality House, Kemps Corner","","0.95","Simonelle","De Vitre","","","Madhavi  Gosalia","gosaliamadhavig@gmail.com","2025-08-17, 1:02 AM","Yes","No","No","Subscription","Studio 10 Single Class Pack","1500.00","0.00"
"Studio Barre 57","2025-07-27, 11:30 AM","Kwality House, Kemps Corner","","0.95","Simonelle","De Vitre","","","Yash Nahata","yash_6190@hotmail.com","2025-07-27, 12:51 PM","Yes","No","No","Package","Studio Complimentary Referral Class","0.00","0.00"
"Studio Barre 57","2025-07-27, 11:30 AM","Kwality House, Kemps Corner","","0.95","Simonelle","De Vitre","","","Devika Kapadia","devikakapadia@gmail.com","2025-07-27, 11:26 AM","Yes","No","No","Package","Studio 4 Class Package","1500.00","0.00"
"Studio Barre 57","2025-07-27, 11:30 AM","Kwality House, Kemps Corner","","0.95","Simonelle","De Vitre","","","Aashish Agarwal","agarwal.advocate@gmail.com","2025-07-27, 11:17 AM","Yes","No","No","Subscription","Studio 1 Month Unlimited Membership","562.34","0.00"
"Studio Barre 57","2025-07-27, 11:30 AM","Kwality House, Kemps Corner","","0.95","Simonelle","De Vitre","","","Devina Narvekar","devinad88@gmail.com","2025-07-27, 11:12 AM","Yes","No","No","Subscription","Studio 8 Class Package","1500.00","0.00"
"Studio Barre 57","2025-07-27, 11:30 AM","Kwality House, Kemps Corner","","0.95","Simonelle","De Vitre","","","Isha Mogul","isha.mogul@simogul.com","2025-07-27, 10:15 AM","Yes","No","No","Subscription","Studio 6 Month Unlimited Membership","1500.00","0.00"
"Studio Barre 57","2025-07-27, 11:30 AM","Kwality House, Kemps Corner","","0.95","Simonelle","De Vitre","","","Raya Ispahani","rayaispahani@gmail.com","2025-07-27, 10:13 AM","Yes","No","No","Subscription","Studio 12 Class Package","1479.92","0.00"
"Studio Barre 57","2025-07-27, 11:30 AM","Kwality House, Kemps Corner","","0.95","Simonelle","De Vitre","","","Pooja Kabra","kabra_pooja@hotmail.com","2025-07-27, 9:56 AM","Yes","No","No","Subscription","Studio Annual Unlimited Membership","155.76","0.00"
"Studio Barre 57","2025-07-27, 11:30 AM","Kwality House, Kemps Corner","","0.95","Simonelle","De Vitre","","","Dipali Ved","dipali911@gmail.com","2025-07-27, 8:49 AM","Yes","No","No","Subscription","Studio 12 Class Package","1479.92","0.00"
"Studio Barre 57","2025-07-27, 11:30 AM","Kwality House, Kemps Corner","","0.95","Simonelle","De Vitre","","","Taskeen Chunawala","taskeenc87@gmail.com","2025-07-26, 10:51 PM","Yes","No","No","Subscription","Studio 12 Class Package","1257.93","0.00"
"Studio Barre 57","2025-07-27, 11:30 AM","Kwality House, Kemps Corner","","0.95","Simonelle","De Vitre","","","Jigna Nahata","jignamadani10@gmail.com","2025-07-26, 1:01 AM","Yes","No","No","Subscription","Studio 1 Month Unlimited Membership","493.41","0.00"
"Studio Cardio Barre","2025-07-27, 10:15 AM","Kwality House, Kemps Corner","","0.95","Simonelle","De Vitre","","","Libby Swan","swanjlibby@gmail.com","2025-07-28, 8:13 AM","Yes","No","No","Package","Studio Single Class","1500.00","0.00"
"Studio Cardio Barre","2025-07-27, 10:15 AM","Kwality House, Kemps Corner","","0.95","Simonelle","De Vitre","","","Ria Chauhan Vora","ria@apwig.com","2025-07-27, 10:16 AM","Yes","No","No","Subscription","Studio 8 Class Package","1500.00","0.00"
"Studio Cardio Barre","2025-07-27, 10:15 AM","Kwality House, Kemps Corner","","0.95","Simonelle","De Vitre","","","Preeti Ambani","preeti.ambani@gmail.com","2025-07-27, 9:56 AM","Yes","No","No","Subscription","Studio Annual Unlimited Membership","15.00","0.00"
"Studio Cardio Barre","2025-07-27, 10:15 AM","Kwality House, Kemps Corner","","0.95","Simonelle","De Vitre","","","Rabia Kader","rabea.j@live.com","2025-07-27, 9:29 AM","Yes","No","No","Subscription","Studio 3 Month Unlimited Membership","42.00","0.00"
"Studio Cardio Barre","2025-07-27, 10:15 AM","Kwality House, Kemps Corner","","0.95","Simonelle","De Vitre","","","Aleesha Jadhav","aleeshajadhav@gmail.com","2025-07-26, 8:52 PM","Yes","No","No","Card","","1770.00","0.00"
"Studio Cardio Barre","2025-07-27, 10:15 AM","Kwality House, Kemps Corner","","0.95","Simonelle","De Vitre","","","Avanti  Dalal ","avanti.dalal@fluentinhealth.com","2025-07-26, 7:38 PM","Yes","No","No","Free","","0.00","0.00"
"Studio Cardio Barre","2025-07-27, 10:15 AM","Kwality House, Kemps Corner","","0.95","Simonelle","De Vitre","","","Anushi Mehta","anushishah26@gmail.com","2025-07-26, 7:27 PM","Yes","No","No","Subscription","Studio 3 Month Unlimited Membership","1251.95","0.00"
"Studio Cardio Barre","2025-07-27, 10:15 AM","Kwality House, Kemps Corner","","0.95","Simonelle","De Vitre","","","Malcolm Mistry","malcolm@ushtate.com","2025-07-26, 6:23 PM","Yes","No","No","Subscription","Studio 6 Month Unlimited Membership","686.05","0.00"
"Studio Cardio Barre","2025-07-27, 10:15 AM","Kwality House, Kemps Corner","","0.95","Simonelle","De Vitre","","","Tina  Mistry","malcolmtina@gmail.com","2025-07-26, 6:23 PM","Yes","No","No","Subscription","Studio 6 Month Unlimited Membership","866.23","0.00"
"Studio Cardio Barre","2025-07-27, 10:15 AM","Kwality House, Kemps Corner","","0.95","Simonelle","De Vitre","","","Tanisha Laud","tanishalaud7@gmail.com","2025-07-26, 6:13 PM","Yes","No","No","Subscription","Studio 1 Month Unlimited Membership","493.41","0.00"
"Studio Cardio Barre","2025-07-27, 10:15 AM","Kwality House, Kemps Corner","","0.95","Simonelle","De Vitre","","","Anandita Parekh ","ananditaparekh96@gmail.com","2025-07-26, 8:18 AM","Yes","No","No","Subscription","Studio 3 Month Unlimited Membership","46.20","0.00"
"Studio Cardio Barre","2025-07-27, 10:15 AM","Kwality House, Kemps Corner","","0.95","Simonelle","De Vitre","","","Jaini Shah","jainishah95@gmail.com","2025-07-25, 1:49 AM","Yes","No","No","Package","Studio 4 Class Package","1500.00","0.00"
"Studio Cardio Barre","2025-07-27, 10:15 AM","Kwality House, Kemps Corner","","0.95","Simonelle","De Vitre","","","Aanchal Nahar","aanchal.nahar@gmail.com","2025-07-24, 11:12 AM","Yes","No","No","Package","Studio Complimentary Referral Class","0.00","0.00"
"Studio Cardio Barre","2025-07-27, 10:15 AM","Kwality House, Kemps Corner","","0.95","Simonelle","De Vitre","","","Siya  Chandrie ","siyachandrie@gmail.com","2025-07-24, 10:43 AM","Yes","No","No","Package","Studio Complimentary Referral Class","0.00","0.00"
"Studio Cardio Barre","2025-07-27, 10:15 AM","Kwality House, Kemps Corner","","0.95","Simonelle","De Vitre","","","Miti Joshi","joshimiti08@gmail.com","2025-07-24, 10:36 AM","Yes","No","No","Subscription","Studio 1 Month Unlimited Membership","599.83","0.00"
"Studio Cardio Barre","2025-07-27, 10:15 AM","Kwality House, Kemps Corner","","0.95","Simonelle","De Vitre","","","Anushka Mehra","anushka.socialshout@gmail.com","2025-07-20, 8:22 PM","Yes","No","No","Subscription","Studio 1 Month Unlimited Membership","246.51","0.00"