"Class name","Class date","Location","Payrate","Time (h)","Teacher First Name","Teacher Last Name","Employee Code","Payrate Code","Customer Name","Customer Email","Sale Date","Checked in","Comp","Late Cancelled","Payment Method","Payment Method Name","Paid","Teacher Payout"
"powerCycle","2025-08-31, 5:00 PM","Kwality House, Kemps Corner","Junior Trainer","0.83","Kabir","Varma","","","Mallika Singh","mallikarsingh@gmail.com","2025-08-31, 6:01 PM","Yes","No","No","Package","Newcomers 2 For 1","885.00","0.00"
"powerCycle","2025-08-31, 5:00 PM","Kwality House, Kemps Corner","Junior Trainer","0.83","Kabir","Varma","","","Dhanushi Dhandhukiya","dhanu.dhandhukiya@gmail.com","2025-08-31, 1:13 PM","Yes","No","No","Subscription","Studio 6 Month Unlimited Membership","1500.00","0.00"
"powerCycle","2025-08-31, 5:00 PM","Kwality House, Kemps Corner","Junior Trainer","0.83","Kabir","Varma","","","Avni Padsala ","avnipadsala@gmail.com","2025-08-31, 1:13 PM","Yes","No","No","Subscription","Studio 6 Month Unlimited Membership","1500.00","0.00"
"powerCycle","2025-08-31, 5:00 PM","Kwality House, Kemps Corner","Junior Trainer","0.83","Kabir","Varma","","","Siya Tantia","siya.tantia@gmail.com","2025-08-31, 11:59 AM","Yes","No","No","Package","Studio 4 Class Package","1500.00","0.00"
"powerCycle","2025-08-31, 5:00 PM","Kwality House, Kemps Corner","Junior Trainer","0.83","Kabir","Varma","","","Smriti Deora","smritideora@hotmail.com","2025-08-31, 10:58 AM","Yes","No","No","Subscription","Studio 12 Class Package","1479.92","0.00"
"powerCycle","2025-08-31, 5:00 PM","Kwality House, Kemps Corner","Junior Trainer","0.83","Kabir","Varma","","","Malvika C","muskmelon@duck.com","2025-08-29, 5:37 PM","No","No","Yes","Subscription","Studio 12 Class Package","1257.93","0.00"
"powerCycle","2025-08-31, 5:00 PM","Kwality House, Kemps Corner","Junior Trainer","0.83","Kabir","Varma","","","Aliya Mulla","aliyah.m2001@gmail.com","2025-08-28, 12:03 PM","No","No","Yes","Card","","1770.00","0.00"
"powerCycle","2025-08-31, 5:00 PM","Kwality House, Kemps Corner","Junior Trainer","0.83","Kabir","Varma","","","sehyr patel","sehyr13@gmail.com","2025-08-28, 12:03 PM","Yes","No","No","Card","","1770.00","0.00"
"powerCycle","2025-08-31, 5:00 PM","Kwality House, Kemps Corner","Junior Trainer","0.83","Kabir","Varma","","","Santya Ahuja","ahujasantya@gmail.com","2025-08-28, 11:26 AM","Yes","No","No","Package","","0.00","0.00"
"powerCycle","2025-08-31, 5:00 PM","Kwality House, Kemps Corner","Junior Trainer","0.83","Kabir","Varma","","","Nandita Anand","nandita.anand20@gmail.com","2025-08-28, 11:25 AM","Yes","No","No","Card","","1770.00","0.00"
"powerCycle","2025-08-31, 5:00 PM","Kwality House, Kemps Corner","Junior Trainer","0.83","Kabir","Varma","","","Bijuri Shah","bijuri@gmail.com","2025-08-27, 9:19 AM","No","No","Yes","Subscription","Studio 6 Month Unlimited Membership","1008.90","0.00"
"powerCycle","2025-09-07, 10:00 AM","Supreme HQ, Bandra","Junior Trainer","0.67","Kabir","Varma","","","Anisha Goel","anisha.pestonji@gmail.com","2025-09-03, 7:36 AM","No","No","No","Subscription","Studio Annual Unlimited Membership","14.60","0.00"
"powerCycle","2025-09-07, 10:00 AM","Supreme HQ, Bandra","Junior Trainer","0.67","Kabir","Varma","","","Siya  Kumar ","siyakumar91@gmail.com","2025-09-01, 6:05 PM","No","No","No","Subscription","Studio Annual Unlimited Membership","155.76","0.00"
"powerCycle","2025-09-07, 10:00 AM","Supreme HQ, Bandra","Junior Trainer","0.67","Kabir","Varma","","","Shuchi Mehta","shuchi.trivedi@gmail.com","2025-09-01, 6:05 PM","No","No","No","Subscription","Studio Annual Unlimited Membership","155.76","0.00"
"powerCycle","2025-08-29, 6:00 PM","Supreme HQ, Bandra","Junior Trainer","0.83","Kabir","Varma","","","Vidushi  Agarwal","vidz789@gmail.com","2025-08-30, 10:43 AM","Yes","No","No","Subscription","Studio 1 Month Unlimited Membership","1500.00","0.00"
"powerCycle","2025-08-29, 6:00 PM","Supreme HQ, Bandra","Junior Trainer","0.83","Kabir","Varma","","","Anshika Agrawal","anshika.aggy@gmail.com","2025-08-29, 12:15 AM","No","No","Yes","Subscription","Studio 1 Month Unlimited Membership","642.68","0.00"
"powerCycle","2025-08-29, 6:00 PM","Supreme HQ, Bandra","Junior Trainer","0.83","Kabir","Varma","","","Anahat Singh ","anahatnandinisingh@gmail.com","2025-08-28, 5:54 PM","No","No","Yes","Subscription","Studio 1 Month Unlimited Membership","236.78","0.00"
"powerCycle","2025-08-29, 6:00 PM","Supreme HQ, Bandra","Junior Trainer","0.83","Kabir","Varma","","","Mustafa  Tashkandi ","mustufatashkandi@hotmail.com","2025-08-24, 9:02 PM","No","No","Yes","Subscription","Studio 1 Month Unlimited Membership","347.63","0.00"
"powerCycle","2025-08-29, 6:00 PM","Supreme HQ, Bandra","Junior Trainer","0.83","Kabir","Varma","","","Kanchaan Kaicker ","kanchaan1991@gmail.com","2025-08-22, 11:43 PM","No","No","Yes","Subscription","Studio 1 Month Unlimited Membership","254.93","0.00"
"powerCycle","2025-09-05, 10:00 AM","Kwality House, Kemps Corner","Junior Trainer","0.83","Kabir","Varma","","","Amy Dastur","dasturamy93@gmail.com","2025-09-02, 6:42 PM","No","No","No","Subscription","Studio 1 Month Unlimited Membership","1500.00","0.00"
"powerCycle","2025-09-05, 8:30 AM","Kwality House, Kemps Corner","Junior Trainer","0.83","Kabir","Varma","","","Ayesha Mansukhani","ayesha.mansukhani@gmail.com","2025-09-02, 8:25 AM","No","No","No","Subscription","Studio Annual Unlimited Membership","14.07","0.00"
"powerCycle","2025-09-05, 8:30 AM","Kwality House, Kemps Corner","Junior Trainer","0.83","Kabir","Varma","","","Sunaina Kewalramani","sukewalramani@gmail.com","2025-09-01, 6:38 PM","No","No","No","Subscription","Studio Annual Unlimited Membership","14.60","0.00"
"powerCycle","2025-09-05, 8:30 AM","Kwality House, Kemps Corner","Junior Trainer","0.83","Kabir","Varma","","","Shikhar  Garodia","shikhargarodia@gmail.com","2025-08-31, 12:54 PM","No","No","No","Subscription","Studio 1 Month Unlimited Membership","712.13","0.00"
"powerCycle","2025-09-05, 8:30 AM","Kwality House, Kemps Corner","Junior Trainer","0.83","Kabir","Varma","","","Latisha Shah","latishashah@gmail.com","2025-08-29, 7:16 PM","No","No","No","Subscription","Studio 1 Month Unlimited Membership","1500.00","0.00"
"powerCycle Express","2025-09-02, 7:15 PM","Supreme HQ, Bandra","Junior Trainer","0.67","Kabir","Varma","","","Anahat Kapur","anahat_kapur@hotmail.com","2025-09-02, 6:26 PM","Yes","No","No","Subscription","Studio 1 Month Unlimited Membership","692.12","0.00"
"powerCycle Express","2025-09-02, 7:15 PM","Supreme HQ, Bandra","Junior Trainer","0.67","Kabir","Varma","","","Sharan Shrivastava","sharan.shrivastava@hotmail.com","2025-09-02, 5:09 PM","No","No","Yes","Subscription","Studio 1 Month Unlimited Membership","1176.60","0.00"
"powerCycle Express","2025-09-02, 7:15 PM","Supreme HQ, Bandra","Junior Trainer","0.67","Kabir","Varma","","","Khyati Dand","khyatidand@gmail.com","2025-09-02, 4:53 PM","No","No","Yes","Package","Studio Complimentary Class","0.00","0.00"
"powerCycle Express","2025-09-02, 7:15 PM","Supreme HQ, Bandra","Junior Trainer","0.67","Kabir","Varma","","","Nidhi Kalra","kalranidhi2002@gmail.com","2025-09-02, 3:51 PM","Yes","No","No","Subscription","Studio 6 Month Unlimited Membership","1339.95","0.00"
"powerCycle Express","2025-09-02, 7:15 PM","Supreme HQ, Bandra","Junior Trainer","0.67","Kabir","Varma","","","Simran Murpana","simranmurpana@gmail.com","2025-09-02, 12:49 PM","Yes","No","No","Subscription","Studio 12 Class Package","1479.92","0.00"
"powerCycle Express","2025-09-02, 7:15 PM","Supreme HQ, Bandra","Junior Trainer","0.67","Kabir","Varma","","","Kanchaan Kaicker ","kanchaan1991@gmail.com","2025-09-02, 10:05 AM","Yes","No","No","Subscription","Studio 1 Month Unlimited Membership","254.93","0.00"
"powerCycle Express","2025-09-02, 7:15 PM","Supreme HQ, Bandra","Junior Trainer","0.67","Kabir","Varma","","","Jiyaa Kalra","kalrajiyaa@gmail.com","2025-09-02, 12:13 AM","Yes","No","No","Subscription","Studio 6 Month Unlimited Membership","1500.00","0.00"
"powerCycle Express","2025-09-02, 7:15 PM","Supreme HQ, Bandra","Junior Trainer","0.67","Kabir","Varma","","","Malika Noor Mehta","malikanoormehta@gmail.com","2025-09-02, 12:09 AM","Yes","No","No","Subscription","Studio Annual Unlimited Membership","16.55","0.00"
"powerCycle Express","2025-09-02, 7:15 PM","Supreme HQ, Bandra","Junior Trainer","0.67","Kabir","Varma","","","Shikha Singh","chugh35@gmail.com","2025-09-01, 8:39 PM","Yes","No","No","Subscription","Studio 1 Month Unlimited Membership","461.41","0.00"
"powerCycle Express","2025-09-02, 7:15 PM","Supreme HQ, Bandra","Junior Trainer","0.67","Kabir","Varma","","","Sanaa  Saluja","sanaa1907@hotmail.co.uk","2025-09-01, 7:23 PM","Yes","No","No","Subscription","Studio 1 Month Unlimited Membership","719.80","0.00"
"powerCycle Express","2025-09-02, 7:15 PM","Supreme HQ, Bandra","Junior Trainer","0.67","Kabir","Varma","","","Julia Vadagnini","juliavadagnini@gmail.com","2025-09-01, 6:03 PM","Yes","No","No","Subscription","Studio Extended 10 Single Class Pack","1500.00","0.00"
"powerCycle Express","2025-09-02, 7:15 PM","Supreme HQ, Bandra","Junior Trainer","0.67","Kabir","Varma","","","Louise Dewismes","l.dewismes@gmail.com","2025-09-01, 6:03 PM","Yes","No","No","Subscription","Studio Extended 10 Single Class Pack","1500.00","0.00"
"powerCycle Express","2025-09-02, 7:15 PM","Supreme HQ, Bandra","Junior Trainer","0.67","Kabir","Varma","","","Shivani Chimnani","shivanichimnani@gmail.com","2025-09-01, 1:16 PM","Yes","No","No","Subscription","Studio 12 Class Package","1257.93","0.00"
"powerCycle Express","2025-09-02, 7:15 PM","Supreme HQ, Bandra","Junior Trainer","0.67","Kabir","Varma","","","Anushka Mehra","anushka.socialshout@gmail.com","2025-08-31, 12:52 PM","Yes","No","No","Subscription","Studio 1 Month Unlimited Membership","246.51","0.00"
"powerCycle Express ( Akon Vs Backstreet Boys )","2025-08-26, 7:15 PM","Supreme HQ, Bandra","Junior Trainer","0.67","Kabir","Varma","","","Yashna Wahal","yashnawahal@hotmail.com","2025-08-26, 6:51 PM","Yes","No","No","Subscription","Studio Extended 10 Single Class Pack","1500.00","0.00"
"powerCycle Express ( Akon Vs Backstreet Boys )","2025-08-26, 7:15 PM","Supreme HQ, Bandra","Junior Trainer","0.67","Kabir","Varma","","","Shreya  Sharma","shreya.454@gmail.com","2025-08-26, 2:45 PM","Yes","No","No","Subscription","Studio Annual Unlimited Membership","1500.00","0.00"
"powerCycle Express ( Akon Vs Backstreet Boys )","2025-08-26, 7:15 PM","Supreme HQ, Bandra","Junior Trainer","0.67","Kabir","Varma","","","Malika Noor Mehta","malikanoormehta@gmail.com","2025-08-26, 1:36 PM","No","No","Yes","Subscription","Studio Annual Unlimited Membership","16.55","0.00"
"powerCycle Express ( Akon Vs Backstreet Boys )","2025-08-26, 7:15 PM","Supreme HQ, Bandra","Junior Trainer","0.67","Kabir","Varma","","","Sharan Shrivastava","sharan.shrivastava@hotmail.com","2025-08-26, 12:46 PM","No","No","Yes","Subscription","Studio 1 Month Unlimited Membership","1176.60","0.00"
"powerCycle Express ( Akon Vs Backstreet Boys )","2025-08-26, 7:15 PM","Supreme HQ, Bandra","Junior Trainer","0.67","Kabir","Varma","","","Shivani Chimnani","shivanichimnani@gmail.com","2025-08-26, 9:17 AM","Yes","No","No","Subscription","Studio 12 Class Package","1257.93","0.00"
"powerCycle Express ( Akon Vs Backstreet Boys )","2025-08-26, 7:15 PM","Supreme HQ, Bandra","Junior Trainer","0.67","Kabir","Varma","","","Lavanya Gulati","lavanyagulati@gmail.com","2025-08-26, 8:02 AM","No","No","Yes","Subscription","Studio 1 Month Unlimited Membership","268.35","0.00"
"powerCycle Express ( Akon Vs Backstreet Boys )","2025-08-26, 7:15 PM","Supreme HQ, Bandra","Junior Trainer","0.67","Kabir","Varma","","","Miti Joshi","joshimiti08@gmail.com","2025-08-22, 6:45 PM","No","No","Yes","Subscription","Studio 3 Month Unlimited Membership","1500.00","0.00"
"powerCycle Express ( Akon Vs Backstreet Boys )","2025-08-26, 7:15 PM","Supreme HQ, Bandra","Junior Trainer","0.67","Kabir","Varma","","","Khyati Dand","khyatidand@gmail.com","2025-08-21, 4:43 PM","No","No","Yes","Subscription","Studio 1 Month Unlimited Membership","461.41","0.00"
"powerCycle","2025-09-02, 6:00 PM","Supreme HQ, Bandra","Junior Trainer","0.83","Kabir","Varma","","","Anahat Singh ","anahatnandinisingh@gmail.com","2025-09-02, 9:29 AM","No","No","Yes","Subscription","Studio 1 Month Unlimited Membership","236.78","0.00"
"powerCycle","2025-09-02, 6:00 PM","Supreme HQ, Bandra","Junior Trainer","0.83","Kabir","Varma","","","Sharan Shrivastava","sharan.shrivastava@hotmail.com","2025-09-01, 3:59 PM","No","No","Yes","Subscription","Studio 1 Month Unlimited Membership","1176.60","0.00"
"powerCycle","2025-08-26, 6:00 PM","Supreme HQ, Bandra","Junior Trainer","0.83","Kabir","Varma","","","Anahat Singh ","anahatnandinisingh@gmail.com","2025-08-26, 11:34 AM","Yes","No","No","Subscription","Studio 1 Month Unlimited Membership","236.78","0.00"
"powerCycle","2025-08-26, 6:00 PM","Supreme HQ, Bandra","Junior Trainer","0.83","Kabir","Varma","","","Asimah Balwa","asimah.balwa@gmail.com","2025-08-25, 9:24 AM","No","No","Yes","Subscription","Studio Annual Unlimited Membership","155.76","0.00"
"powerCycle","2025-08-26, 6:00 PM","Supreme HQ, Bandra","Junior Trainer","0.83","Kabir","Varma","","","Ananya Anand","ananyaamehraa@gmail.com","2025-08-25, 9:23 AM","No","No","Yes","Subscription","Studio 12 Class Package","1331.93","0.00"
"powerCycle","2025-08-26, 6:00 PM","Supreme HQ, Bandra","Junior Trainer","0.83","Kabir","Varma","","","Naële Marti","naele.marti@gmail.com","2025-08-24, 2:44 PM","Yes","No","No","Package","Studio 4 Class Package","1500.00","0.00"
"powerCycle","2025-09-01, 7:30 PM","Kwality House, Kemps Corner","Junior Trainer","0.83","Kabir","Varma","","","Amruta Patil","amrutavpatil@gmail.com","2025-09-01, 7:10 PM","No","No","Yes","Subscription","Studio Annual Unlimited Membership","14.07","0.00"
"powerCycle","2025-09-01, 7:30 PM","Kwality House, Kemps Corner","Junior Trainer","0.83","Kabir","Varma","","","Ayesha Kalyaniwalla","ayeshakalyaniwalla@hotmail.com","2025-09-01, 7:02 PM","No","No","Yes","Subscription","Studio 8 Class Package","1500.00","0.00"
"powerCycle","2025-09-01, 7:30 PM","Kwality House, Kemps Corner","Junior Trainer","0.83","Kabir","Varma","","","Suchita  Salwan","such.sal15@gmail.com","2025-09-01, 6:25 PM","Yes","No","No","Subscription","Studio Extended 10 Single Class Pack","1500.00","0.00"
"powerCycle","2025-09-01, 7:30 PM","Kwality House, Kemps Corner","Junior Trainer","0.83","Kabir","Varma","","","Simran  Ragoowanshi ","simran.rt06@gmail.com","2025-09-01, 10:43 AM","Yes","No","No","Package","Studio Single Class","1500.00","0.00"
"powerCycle","2025-09-01, 7:30 PM","Kwality House, Kemps Corner","Junior Trainer","0.83","Kabir","Varma","","","Nishi Chiniwala","nishichiniwala@gmail.com","2025-09-01, 10:14 AM","No","No","Yes","Subscription","Studio 1 Month Unlimited Membership","1199.67","0.00"
"powerCycle","2025-09-01, 7:30 PM","Kwality House, Kemps Corner","Junior Trainer","0.83","Kabir","Varma","","","Nonita Mehta","nonita_mehta@hotmail.com","2025-09-01, 8:56 AM","Yes","No","No","Subscription","Studio 12 Class Package","1479.92","0.00"
"powerCycle","2025-09-01, 7:30 PM","Kwality House, Kemps Corner","Junior Trainer","0.83","Kabir","Varma","","","Urvi Kothari","urvikothari3@gmail.com","2025-09-01, 8:05 AM","No","No","Yes","Subscription","Studio 6 Month Unlimited Membership","489.16","0.00"
"powerCycle","2025-09-01, 7:30 PM","Kwality House, Kemps Corner","Junior Trainer","0.83","Kabir","Varma","","","Ankita  Saigal ","ankitasaigal1997@gmail.com","2025-09-01, 12:18 AM","No","No","Yes","Subscription","Studio Annual Unlimited Membership","155.76","0.00"
"powerCycle","2025-09-01, 7:30 PM","Kwality House, Kemps Corner","Junior Trainer","0.83","Kabir","Varma","","","Anahita Chnadok","anahita@chandok.co.in","2025-09-01, 12:04 AM","Yes","No","No","Subscription","Studio 1 Month Unlimited Membership","1500.00","0.00"
"powerCycle","2025-09-01, 7:30 PM","Kwality House, Kemps Corner","Junior Trainer","0.83","Kabir","Varma","","","Diya Shivdasani","diyashivdasani@gmail.com","2025-08-31, 10:00 PM","No","No","Yes","Package","Studio 2 Week Unlimited Membership","11.71","0.00"
"powerCycle","2025-09-01, 7:30 PM","Kwality House, Kemps Corner","Junior Trainer","0.83","Kabir","Varma","","","Aishwarya Kasliwal","hello@twistmedia.in","2025-08-31, 8:08 PM","No","No","Yes","Subscription","Studio 6 Month Unlimited Membership","1500.00","0.00"
"powerCycle","2025-09-01, 7:30 PM","Kwality House, Kemps Corner","Junior Trainer","0.83","Kabir","Varma","","","aisha negani","aishanegani13@gmail.com","2025-08-29, 1:12 PM","No","No","Yes","Subscription","Studio 1 Month Unlimited Membership","674.81","0.00"
"powerCycle","2025-09-01, 7:30 PM","Kwality House, Kemps Corner","Junior Trainer","0.83","Kabir","Varma","","","Yash  Sanghvi","sanghviyash@hotmail.com","2025-08-25, 11:37 PM","Yes","No","No","Subscription","Studio 30 Single Class Pack","1500.00","0.00"
"powerCycle ( Usher Vs black Eyed Peas )","2025-09-01, 6:00 PM","Kwality House, Kemps Corner","Junior Trainer","0.83","Kabir","Varma","","","Mustafa  Tashkandi ","mustufatashkandi@hotmail.com","2025-09-01, 1:38 AM","No","No","Yes","Subscription","Studio 1 Month Unlimited Membership","347.63","0.00"
"powerCycle ( Usher Vs black Eyed Peas )","2025-09-01, 6:00 PM","Kwality House, Kemps Corner","Junior Trainer","0.83","Kabir","Varma","","","Mira Chhatwal","mirachhatwal15@gmail.com","2025-08-31, 10:14 PM","Yes","No","No","Subscription","Studio 12 Class Package","1479.92","0.00"
"powerCycle ( Usher Vs black Eyed Peas )","2025-09-01, 6:00 PM","Kwality House, Kemps Corner","Junior Trainer","0.83","Kabir","Varma","","","Anahita Khanna","anahitakhanna9@gmail.com","2025-08-31, 8:15 PM","Yes","No","No","Package","Studio Referrer Complimentary Class Package","0.00","0.00"
"powerCycle ( Usher Vs black Eyed Peas )","2025-09-01, 6:00 PM","Kwality House, Kemps Corner","Junior Trainer","0.83","Kabir","Varma","","","Dhanushi Dhandhukiya","dhanu.dhandhukiya@gmail.com","2025-08-31, 4:11 PM","Yes","No","No","Subscription","Studio 6 Month Unlimited Membership","1500.00","0.00"
"powerCycle ( Usher Vs black Eyed Peas )","2025-09-01, 6:00 PM","Kwality House, Kemps Corner","Junior Trainer","0.83","Kabir","Varma","","","Saarah Adenwala","saarahadenwala@gmail.com","2025-08-30, 6:58 PM","Yes","No","No","Subscription","Studio 1 Month Unlimited Membership","339.91","0.00"
"powerCycle ( Usher Vs black Eyed Peas )","2025-09-01, 6:00 PM","Kwality House, Kemps Corner","Junior Trainer","0.83","Kabir","Varma","","","Avni Padsala ","avnipadsala@gmail.com","2025-08-30, 4:10 PM","Yes","No","No","Subscription","Studio 6 Month Unlimited Membership","1500.00","0.00"
"powerCycle ( Usher Vs black Eyed Peas )","2025-09-01, 6:00 PM","Kwality House, Kemps Corner","Junior Trainer","0.83","Kabir","Varma","","","Latisha Shah","latishashah@gmail.com","2025-08-29, 7:14 PM","Yes","No","No","Subscription","Studio 1 Month Unlimited Membership","1500.00","0.00"
"powerCycle ( Usher Vs black Eyed Peas )","2025-09-01, 6:00 PM","Kwality House, Kemps Corner","Junior Trainer","0.83","Kabir","Varma","","","Alya Mistry","alyamistry@hotmail.com","2025-08-28, 5:01 PM","Yes","No","No","Subscription","Studio 20 Single Class Pack","1500.00","0.00"
"powerCycle ( Usher Vs black Eyed Peas )","2025-09-01, 6:00 PM","Kwality House, Kemps Corner","Junior Trainer","0.83","Kabir","Varma","","","Aashnee Gajaria","aashneegajaria@gmail.com","2025-08-28, 11:31 AM","Yes","No","No","Subscription","Studio 3 Month Unlimited Membership","950.56","0.00"
"powerCycle ( Usher Vs black Eyed Peas )","2025-09-01, 6:00 PM","Kwality House, Kemps Corner","Junior Trainer","0.83","Kabir","Varma","","","Shikhar  Garodia","shikhargarodia@gmail.com","2025-08-28, 10:53 AM","Yes","No","No","Subscription","Studio 1 Month Unlimited Membership","712.13","0.00"
"powerCycle","2025-09-08, 6:00 PM","Kwality House, Kemps Corner","Junior Trainer","0.83","Kabir","Varma","","","Divya Somaiya","divyasomaiya@gmail.com","2025-09-02, 8:55 PM","No","No","No","Subscription","Studio 1 Month Unlimited Membership","1500.00","0.00"
"powerCycle","2025-08-18, 6:00 PM","Supreme HQ, Bandra","Junior Trainer","0.83","Kabir","Varma","","","Anupama Mundhra","anupama.mundhra@gmail.com","2025-08-18, 6:00 PM","Yes","No","No","Subscription","Studio 3 Month Unlimited Membership","1179.20","0.00"
"powerCycle","2025-08-18, 6:00 PM","Supreme HQ, Bandra","Junior Trainer","0.83","Kabir","Varma","","","Yash Bhanage","yashbhanage@gmail.com","2025-08-18, 5:57 PM","Yes","No","No","Subscription","Studio Extended 10 Single Class Pack","1500.00","0.00"
"powerCycle","2025-08-18, 6:00 PM","Supreme HQ, Bandra","Junior Trainer","0.83","Kabir","Varma","","","Akansha Baruah","akanshab.ab@gmail.com","2025-08-18, 3:20 PM","No","No","Yes","Subscription","Studio 1 Month Unlimited Membership","1500.00","0.00"
"powerCycle","2025-08-18, 6:00 PM","Supreme HQ, Bandra","Junior Trainer","0.83","Kabir","Varma","","","Sneha  Taurani ","sneha@tips.in","2025-08-18, 1:07 PM","Yes","No","No","Subscription","Studio Extended 10 Single Class Pack","1500.00","0.00"
"powerCycle","2025-08-18, 7:30 PM","Supreme HQ, Bandra","Junior Trainer","0.83","Kabir","Varma","","","Anahat Kapur","anahat_kapur@hotmail.com","2025-08-18, 7:33 PM","Yes","No","No","Subscription","Studio 1 Month Unlimited Membership","692.12","0.00"
"powerCycle","2025-08-18, 7:30 PM","Supreme HQ, Bandra","Junior Trainer","0.83","Kabir","Varma","","","Aditya Mallya","admallya@gmail.com","2025-08-18, 7:13 PM","Yes","No","No","Subscription","Studio 3 Month Unlimited Membership","1500.00","0.00"
"powerCycle","2025-08-18, 7:30 PM","Supreme HQ, Bandra","Junior Trainer","0.83","Kabir","Varma","","","supriya puri","supriyapuri98@gmail.com","2025-08-18, 5:52 PM","Yes","No","No","Package","Studio Complimentary Referral Class","0.00","0.00"
"powerCycle","2025-08-18, 7:30 PM","Supreme HQ, Bandra","Junior Trainer","0.83","Kabir","Varma","","","Sadhika Agarwal","sadhika0593@gmail.com","2025-08-18, 4:35 PM","Yes","No","No","Subscription","Studio 6 Month Unlimited Membership","1500.00","0.00"
"powerCycle","2025-08-18, 7:30 PM","Supreme HQ, Bandra","Junior Trainer","0.83","Kabir","Varma","","","Shivani Chimnani","shivanichimnani@gmail.com","2025-08-18, 12:56 PM","Yes","No","No","Subscription","Studio 12 Class Package","1257.93","0.00"
"powerCycle","2025-08-18, 7:30 PM","Supreme HQ, Bandra","Junior Trainer","0.83","Kabir","Varma","","","Kshitij Bakshi","kshitijbakshi69@gmail.com","2025-08-18, 12:27 PM","No","No","Yes","Subscription","Studio 6 Month Unlimited Membership","714.64","0.00"
"powerCycle","2025-08-18, 7:30 PM","Supreme HQ, Bandra","Junior Trainer","0.83","Kabir","Varma","","","Pooja Gururaj","pooja21guru@gmail.com","2025-08-18, 7:59 AM","No","No","Yes","Subscription","Studio 3 Month Unlimited Membership","42.00","0.00"
"powerCycle ( Retro Rhythms )","2025-08-12, 6:00 PM","Supreme HQ, Bandra","Junior Trainer","0.83","Kabir","Varma","","","Anahat Singh ","anahatnandinisingh@gmail.com","2025-08-12, 5:38 PM","Yes","No","No","Subscription","Studio 1 Month Unlimited Membership","227.78","0.00"
"powerCycle ( Retro Rhythms )","2025-08-12, 6:00 PM","Supreme HQ, Bandra","Junior Trainer","0.83","Kabir","Varma","","","Anushka  Manglani ","anushkamanglani@gmail.com","2025-08-11, 6:42 PM","No","No","Yes","Subscription","Studio 1 Month Unlimited Membership","1124.69","0.00"
"powerCycle ( Retro Rhythms )","2025-08-12, 6:00 PM","Supreme HQ, Bandra","Junior Trainer","0.83","Kabir","Varma","","","Sharan Shrivastava","sharan.shrivastava@hotmail.com","2025-08-11, 12:36 PM","No","No","Yes","Subscription","Studio 1 Month Unlimited Membership","1176.60","0.00"
"powerCycle","2025-08-11, 6:00 PM","Supreme HQ, Bandra","Junior Trainer","0.83","Kabir","Varma","","","Shreya Mittal","shreyammittal@gmail.com","2025-08-11, 4:10 PM","Yes","No","No","Subscription","Studio 6 Month Unlimited Membership","456.15","0.00"
"powerCycle","2025-08-11, 6:00 PM","Supreme HQ, Bandra","Junior Trainer","0.83","Kabir","Varma","","","Sunayana Dhar","sunayanadhar@gmail.com","2025-08-11, 12:43 PM","Yes","No","No","Subscription","Studio 1 Month Unlimited Membership","1499.58","0.00"
"powerCycle","2025-08-11, 6:00 PM","Supreme HQ, Bandra","Junior Trainer","0.83","Kabir","Varma","","","Liya  Gupta ","liyagupta@gmail.com","2025-08-11, 8:29 AM","No","No","Yes","Subscription","Studio 3 Month Unlimited Membership","51.33","0.00"
"powerCycle","2025-08-11, 6:00 PM","Supreme HQ, Bandra","Junior Trainer","0.83","Kabir","Varma","","","Shagun Pannu","shagunpannu1@gmail.com","2025-08-10, 8:48 PM","Yes","No","No","Package","Newcomers 2 For 1","885.00","0.00"
"powerCycle","2025-08-11, 6:00 PM","Supreme HQ, Bandra","Junior Trainer","0.83","Kabir","Varma","","","Shikha Singh","chugh35@gmail.com","2025-08-10, 7:35 PM","No","No","Yes","Subscription","Studio 1 Month Unlimited Membership","461.41","0.00"
"powerCycle","2025-08-11, 6:00 PM","Supreme HQ, Bandra","Junior Trainer","0.83","Kabir","Varma","","","Samridhi Sureka","samridhi.sureka@yahoo.com","2025-08-10, 6:26 PM","Yes","No","No","Subscription","Studio 1 Month Unlimited Membership","382.39","0.00"
"powerCycle","2025-08-11, 6:00 PM","Supreme HQ, Bandra","Junior Trainer","0.83","Kabir","Varma","","","Nikita Mujumdar","nikita.mujumdar@gmail.com","2025-08-07, 11:12 AM","Yes","No","No","Subscription","Studio 3 Month Unlimited Membership","42.00","0.00"
"powerCycle ( POP Legends Only )","2025-08-04, 6:00 PM","Supreme HQ, Bandra","Junior Trainer","0.83","Kabir","Varma","","","Shreya  Sharma","shreya.454@gmail.com","2025-08-04, 5:26 PM","Yes","No","No","Subscription","Studio Annual Unlimited Membership","1500.00","0.00"
"powerCycle ( POP Legends Only )","2025-08-04, 6:00 PM","Supreme HQ, Bandra","Junior Trainer","0.83","Kabir","Varma","","","Asimah Balwa","asimah.balwa@gmail.com","2025-08-04, 5:04 PM","Yes","No","No","Subscription","Studio 12 Class Package","1479.92","0.00"
"powerCycle ( POP Legends Only )","2025-08-04, 6:00 PM","Supreme HQ, Bandra","Junior Trainer","0.83","Kabir","Varma","","","Dhruvi Daftary","dhruvi.daftary@gmail.com","2025-08-04, 4:52 PM","Yes","No","No","Subscription","Studio 12 Class Package","1257.93","0.00"
"powerCycle ( POP Legends Only )","2025-08-04, 6:00 PM","Supreme HQ, Bandra","Junior Trainer","0.83","Kabir","Varma","","","Shivani Chimnani","shivanichimnani@gmail.com","2025-08-04, 3:52 PM","Yes","No","No","Subscription","Studio 12 Class Package","1257.93","0.00"
"powerCycle ( POP Legends Only )","2025-08-04, 6:00 PM","Supreme HQ, Bandra","Junior Trainer","0.83","Kabir","Varma","","","Minal Punjabi","m.khialani@gmail.com","2025-08-04, 3:26 PM","Yes","No","No","Subscription","Studio 10 Single Class Pack","1500.00","0.00"
"powerCycle ( POP Legends Only )","2025-08-04, 6:00 PM","Supreme HQ, Bandra","Junior Trainer","0.83","Kabir","Varma","","","Shikha Singh","chugh35@gmail.com","2025-08-03, 9:56 PM","Yes","No","No","Subscription","Studio 1 Month Unlimited Membership","461.41","0.00"
"powerCycle ( POP Legends Only )","2025-08-04, 6:00 PM","Supreme HQ, Bandra","Junior Trainer","0.83","Kabir","Varma","","","Lakshmi Krishnan","lkspricht@gmail.com","2025-08-03, 9:11 PM","Yes","No","No","Subscription","Studio 12 Class Package","1479.92","0.00"
"powerCycle ( POP Legends Only )","2025-08-04, 6:00 PM","Supreme HQ, Bandra","Junior Trainer","0.83","Kabir","Varma","","","Joyeeta Dutta","joyeetad17@gmail.com","2025-08-03, 4:44 PM","Yes","No","No","Subscription","Studio 3 Month Unlimited Membership","1500.00","0.00"
"powerCycle ( POP Legends Only )","2025-08-04, 6:00 PM","Supreme HQ, Bandra","Junior Trainer","0.83","Kabir","Varma","","","Nikita Mujumdar","nikita.mujumdar@gmail.com","2025-08-03, 9:17 AM","Yes","No","No","Subscription","Studio 3 Month Unlimited Membership","42.00","0.00"