"Class name","Class date","Location","Payrate","Total Revenue","Base Payout","Additional Payout","Total Payout","Tip","Participants","Checked in","Comps","Checked In Comps","Late cancellations","Non Paid Customers","Time (h)","Teacher First Name","Teacher Last Name","Employee Code","Payrate Code"
"Studio Barre 57","2025-08-27, 7:00 PM","Kwality House, Kemps Corner","Junior Trainer","5133.13","1250.00","0.00","1250.00","0.00","6","5","0","0","1","0","0.95","Simran","Dutt","",""
"Studio Barre 57","2025-09-03, 7:00 PM","Kwality House, Kemps Corner","Junior Trainer","2769.58","1250.00","0.00","1250.00","0.00","3","0","0","0","0","0","0.95","Simran","Dutt","",""
"Studio Barre 57","2025-08-30, 5:30 PM","Kwality House, Kemps Corner","Junior Trainer","9570.33","1250.00","0.00","1250.00","0.00","10","5","0","0","5","2","0.95","Simran","Dutt","",""
"Studio Barre 57","2025-09-13, 5:30 PM","Kwality House, Kemps Corner","Junior Trainer","0.00","1250.00","0.00","1250.00","0.00","0","0","0","0","0","0","0.95","Simran","Dutt","",""
"Studio Cardio Barre Express","2025-08-30, 4:30 PM","Kwality House, Kemps Corner","Junior Trainer","2501.13","1250.00","0.00","1250.00","0.00","5","3","0","0","2","0","0.75","Simran","Dutt","",""
"Studio Cardio Barre Express","2025-09-13, 4:30 PM","Kwality House, Kemps Corner","Junior Trainer","0.00","1250.00","0.00","1250.00","0.00","0","0","0","0","0","0","0.75","Simran","Dutt","",""
"Studio Barre 57","2025-08-27, 5:45 PM","Kwality House, Kemps Corner","Junior Trainer","2703.60","1250.00","0.00","1250.00","0.00","2","0","0","0","2","0","0.95","Simran","Dutt","",""
"Studio Barre 57","2025-09-03, 5:45 PM","Kwality House, Kemps Corner","Junior Trainer","674.81","1250.00","0.00","1250.00","0.00","1","0","0","0","0","0","0.95","Simran","Dutt","",""
"Studio Barre 57","2025-09-01, 11:30 AM","Supreme HQ, Bandra","Junior Trainer","3928.90","1250.00","0.00","1250.00","0.00","4","2","0","0","1","0","0.95","Simran","Dutt","",""
"Studio Barre 57","2025-08-25, 11:30 AM","Supreme HQ, Bandra","Junior Trainer","5369.28","1250.00","0.00","1250.00","0.00","5","2","0","0","3","0","0.95","Simran","Dutt","",""
"Studio Barre 57","2025-09-08, 11:30 AM","Supreme HQ, Bandra","Junior Trainer","0.00","1250.00","0.00","1250.00","0.00","0","0","0","0","0","0","0.95","Simran","Dutt","",""
"Studio Barre 57","2025-09-08, 9:00 AM","Supreme HQ, Bandra","Junior Trainer","0.00","1250.00","0.00","1250.00","0.00","0","0","0","0","0","0","0.95","Simran","Dutt","",""
"Studio Barre 57","2025-09-01, 9:00 AM","Supreme HQ, Bandra","Junior Trainer","993.64","1250.00","0.00","1250.00","0.00","4","3","0","0","1","0","0.95","Simran","Dutt","",""
"Studio Barre 57","2025-08-25, 9:00 AM","Supreme HQ, Bandra","Junior Trainer","1938.90","1250.00","0.00","1250.00","0.00","2","2","0","0","0","0","0.95","Simran","Dutt","",""