"Class name","Class date","Location","Payrate","Total Revenue","Base Payout","Additional Payout","Total Payout","Tip","Participants","Checked in","Comps","Checked In Comps","Late cancellations","Non Paid Customers","Time (h)","Teacher First Name","Teacher Last Name","Employee Code","Payrate Code"
"Studio SWEAT in 30","2024-03-04, 9:45 AM","Kwality House, Kemps Corner","Junior Trainer","641.03","1250.00","0.00","1250.00","0.00","1","1","0","0","0","0","0.50","Upasna","Paranjpe","",""
"Studio Barre 57 Express","2024-03-04, 7:30 AM","Kwality House, Kemps Corner","Junior Trainer","3682.12","1250.00","0.00","1250.00","0.00","4","4","0","0","0","0","0.75","Upasna","Paranjpe","",""
"Studio Foundations","2024-02-29, 9:00 AM","Kwality House, Kemps Corner","Junior Trainer","2786.50","1250.00","0.00","1250.00","0.00","2","2","0","0","0","0","0.83","Upasna","Paranjpe","",""
"Studio Cardio Barre Express","2024-02-29, 7:30 AM","Kwality House, Kemps Corner","Junior Trainer","1089.53","1250.00","0.00","1250.00","0.00","1","0","0","0","1","0","0.75","Upasna","Paranjpe","",""
"Studio SWEAT in 30","2024-02-26, 9:30 AM","Kwality House, Kemps Corner","Junior Trainer","4699.28","1250.00","0.00","1250.00","0.00","5","4","0","0","1","0","0.50","Upasna","Paranjpe","",""
"Studio Barre 57 Express","2024-02-26, 7:30 AM","Kwality House, Kemps Corner","Junior Trainer","1386.50","1250.00","0.00","1250.00","0.00","2","2","0","0","0","1","0.75","Upasna","Paranjpe","",""
"Studio Barre 57 Express","2024-02-25, 11:30 AM","Taj Wellington Mews, Colaba, Mumbai","Junior Trainer","40.00","1250.00","0.00","1250.00","0.00","2","2","0","0","0","1","0.75","Upasna","Paranjpe","",""
"Studio Cardio Barre","2024-02-25, 10:15 AM","Taj Wellington Mews, Colaba, Mumbai","Junior Trainer","0.00","1250.00","0.00","1250.00","0.00","0","0","0","0","0","0","0.95","Upasna","Paranjpe","",""
"Studio Foundations","2024-02-22, 9:00 AM","Kwality House, Kemps Corner","Junior Trainer","9.04","1250.00","0.00","1250.00","0.00","1","0","0","0","1","0","0.83","Upasna","Paranjpe","",""
"Studio Cardio Barre Express","2024-02-22, 7:30 AM","Kwality House, Kemps Corner","Junior Trainer","457.44","1250.00","0.00","1250.00","0.00","2","0","0","0","2","0","0.75","Upasna","Paranjpe","",""
"Studio SWEAT in 30","2024-02-19, 9:45 AM","Kwality House, Kemps Corner","Junior Trainer","3465.38","1250.00","0.00","1250.00","0.00","5","5","0","0","0","0","0.50","Upasna","Paranjpe","",""
"Studio Barre 57 Express","2024-02-19, 7:30 AM","Kwality House, Kemps Corner","Junior Trainer","840.75","1250.00","0.00","1250.00","0.00","1","1","0","0","0","0","0.75","Upasna","Paranjpe","",""
"Studio Barre 57 Express","2024-02-18, 11:30 AM","Taj Wellington Mews, Colaba, Mumbai","Junior Trainer","1034.77","1250.00","0.00","1250.00","0.00","1","1","0","0","0","0","0.75","Upasna","Paranjpe","",""
"Studio Cardio Barre","2024-02-18, 10:15 AM","Taj Wellington Mews, Colaba, Mumbai","Junior Trainer","0.00","1250.00","0.00","1250.00","0.00","0","0","0","0","0","0","0.95","Upasna","Paranjpe","",""
"Studio SWEAT in 30","2024-02-17, 9:45 AM","Kwality House, Kemps Corner","Junior Trainer","641.03","1250.00","0.00","1250.00","0.00","2","2","0","0","0","1","0.50","Upasna","Paranjpe","",""
"Studio Barre 57 Express","2024-02-17, 9:00 AM","Kwality House, Kemps Corner","Junior Trainer","2296.19","1250.00","0.00","1250.00","0.00","4","2","0","0","2","0","0.75","Upasna","Paranjpe","",""
"Studio Foundations","2024-02-15, 9:00 AM","Kwality House, Kemps Corner","Junior Trainer","2939.34","1250.00","0.00","1250.00","0.00","3","3","0","0","0","0","0.83","Upasna","Paranjpe","",""
"Studio Cardio Barre Express","2024-02-15, 7:30 AM","Kwality House, Kemps Corner","Junior Trainer","2523.88","1250.00","0.00","1250.00","0.00","4","3","0","0","1","0","0.75","Upasna","Paranjpe","",""
"Studio SWEAT in 30","2024-02-12, 9:45 AM","Kwality House, Kemps Corner","Junior Trainer","3304.10","1250.00","0.00","1250.00","0.00","7","5","0","0","2","0","0.50","Upasna","Paranjpe","",""
"Studio Barre 57 Express","2024-02-12, 7:30 AM","Kwality House, Kemps Corner","Junior Trainer","2800.00","1250.00","0.00","1250.00","0.00","2","2","0","0","0","0","0.75","Upasna","Paranjpe","",""
"Studio Barre 57 Express","2024-02-11, 11:30 AM","Taj Wellington Mews, Colaba, Mumbai","Junior Trainer","462.47","1250.00","0.00","1250.00","0.00","2","1","0","0","1","0","0.75","Upasna","Paranjpe","",""
"Studio Cardio Barre","2024-02-11, 10:15 AM","Taj Wellington Mews, Colaba, Mumbai","Junior Trainer","1548.19","1250.00","0.00","1250.00","0.00","4","2","0","0","2","0","0.95","Upasna","Paranjpe","",""
"Studio Foundations","2024-02-08, 9:00 AM","Kwality House, Kemps Corner","Junior Trainer","2807.08","1250.00","0.00","1250.00","0.00","3","3","0","0","0","0","0.83","Upasna","Paranjpe","",""
"Studio Cardio Barre Express","2024-02-08, 7:30 AM","Kwality House, Kemps Corner","Junior Trainer","2182.45","1250.00","0.00","1250.00","0.00","3","1","0","0","2","0","0.75","Upasna","Paranjpe","",""
"Studio Barre 57","2024-01-11, 6:45 PM","Kwality House, Kemps Corner","Junior Trainer","1400.00","1250.00","0.00","1250.00","0.00","1","0","0","0","1","0","0.95","Upasna","Paranjpe","",""
"Studio Barre 57 Express","2024-01-11, 5:45 PM","Kwality House, Kemps Corner","Junior Trainer","2153.73","1250.00","0.00","1250.00","0.00","7","4","0","0","3","1","0.75","Upasna","Paranjpe","",""
"Studio Foundations","2024-01-25, 9:00 AM","Kwality House, Kemps Corner","Junior Trainer","2708.47","1250.00","0.00","1250.00","0.00","4","4","0","0","0","0","0.83","Upasna","Paranjpe","",""
"Studio Foundations","2024-01-18, 9:00 AM","Kwality House, Kemps Corner","Junior Trainer","681.03","1250.00","0.00","1250.00","0.00","3","2","0","0","1","1","0.83","Upasna","Paranjpe","",""
"Studio Foundations","2024-02-01, 9:00 AM","Kwality House, Kemps Corner","Junior Trainer","0.00","1250.00","0.00","1250.00","0.00","0","0","0","0","0","0","0.83","Upasna","Paranjpe","",""
"Studio Foundations","2024-01-04, 9:00 AM","Kwality House, Kemps Corner","Junior Trainer","2762.49","1250.00","0.00","1250.00","0.00","5","5","0","0","0","2","0.83","Upasna","Paranjpe","",""
"Studio Cardio Barre Express","2024-02-01, 7:30 AM","Kwality House, Kemps Corner","Junior Trainer","1207.32","1250.00","0.00","1250.00","0.00","2","1","0","0","1","0","0.75","Upasna","Paranjpe","",""
"Studio Cardio Barre Express","2024-01-18, 7:30 AM","Kwality House, Kemps Corner","Junior Trainer","4795.29","1250.00","0.00","1250.00","0.00","5","3","0","0","2","0","0.75","Upasna","Paranjpe","",""
"Studio Cardio Barre Express","2024-01-04, 7:30 AM","Kwality House, Kemps Corner","Junior Trainer","5063.69","1250.00","0.00","1250.00","0.00","4","4","0","0","0","0","0.75","Upasna","Paranjpe","",""
"Studio Cardio Barre Express","2024-01-25, 7:30 AM","Kwality House, Kemps Corner","Junior Trainer","0.00","1250.00","0.00","1250.00","0.00","0","0","0","0","0","0","0.75","Upasna","Paranjpe","",""
"Studio Cardio Barre Express","2024-01-29, 6:30 PM","Taj Wellington Mews, Colaba, Mumbai","Junior Trainer","640.57","1250.00","0.00","1250.00","0.00","2","1","0","0","1","1","0.75","Upasna","Paranjpe","",""
"Studio Barre 57 Express","2024-01-29, 5:45 PM","Taj Wellington Mews, Colaba, Mumbai","Junior Trainer","3413.57","1250.00","0.00","1250.00","0.00","4","3","0","0","1","1","0.75","Upasna","Paranjpe","",""
"Studio SWEAT in 30","2024-01-15, 9:45 AM","Kwality House, Kemps Corner","Junior Trainer","3708.68","1250.00","0.00","1250.00","0.00","4","3","0","0","1","0","0.50","Upasna","Paranjpe","",""
"Studio Cardio Barre","2024-01-22, 9:00 AM","Taj Wellington Mews, Colaba, Mumbai","Junior Trainer","2689.22","1250.00","0.00","1250.00","0.00","4","3","0","0","1","1","0.95","Upasna","Paranjpe","",""
"Studio Cardio Barre","2024-01-08, 9:00 AM","Taj Wellington Mews, Colaba, Mumbai","Junior Trainer","1427.87","1250.00","0.00","1250.00","0.00","2","2","0","0","0","0","0.95","Upasna","Paranjpe","",""
"Studio Cardio Barre","2024-02-05, 9:00 AM","Taj Wellington Mews, Colaba, Mumbai","Junior Trainer","1386.50","1250.00","0.00","1250.00","0.00","1","1","0","0","0","0","0.95","Upasna","Paranjpe","",""
"Studio Barre 57 Express","2024-02-05, 7:45 AM","Taj Wellington Mews, Colaba, Mumbai","Junior Trainer","1848.40","1250.00","0.00","1250.00","0.00","2","1","0","0","1","0","0.75","Upasna","Paranjpe","",""
"Studio Barre 57 Express","2024-01-08, 7:45 AM","Taj Wellington Mews, Colaba, Mumbai","Junior Trainer","448.40","1250.00","0.00","1250.00","0.00","1","1","0","0","0","0","0.75","Upasna","Paranjpe","",""
"Studio Barre 57 Express","2024-01-22, 7:45 AM","Taj Wellington Mews, Colaba, Mumbai","Junior Trainer","448.40","1250.00","0.00","1250.00","0.00","1","0","0","0","1","0","0.75","Upasna","Paranjpe","",""
"Studio Barre 57 Express","2024-01-15, 7:30 AM","Kwality House, Kemps Corner","Junior Trainer","2761.92","1250.00","0.00","1250.00","0.00","2","1","0","0","1","0","0.75","Upasna","Paranjpe","",""
"Studio Barre 57 Express","2024-01-21, 11:30 AM","Taj Wellington Mews, Colaba, Mumbai","Junior Trainer","489.77","1250.00","0.00","1250.00","0.00","2","2","0","0","0","0","0.75","Upasna","Paranjpe","",""
"Studio Barre 57 Express","2024-01-28, 11:30 AM","Taj Wellington Mews, Colaba, Mumbai","Junior Trainer","0.00","1250.00","0.00","1250.00","0.00","0","0","0","0","0","0","0.75","Upasna","Paranjpe","",""
"Studio Barre 57 Express","2024-01-14, 11:30 AM","Taj Wellington Mews, Colaba, Mumbai","Junior Trainer","0.00","1250.00","0.00","1250.00","0.00","0","0","0","0","0","0","0.75","Upasna","Paranjpe","",""
"Studio Barre 57 Express","2024-01-07, 11:30 AM","Taj Wellington Mews, Colaba, Mumbai","Junior Trainer","489.77","1250.00","0.00","1250.00","0.00","2","2","0","0","0","0","0.75","Upasna","Paranjpe","",""
"Studio Barre 57 Express","2024-02-04, 11:30 AM","Taj Wellington Mews, Colaba, Mumbai","Junior Trainer","41.37","1250.00","0.00","1250.00","0.00","2","0","0","0","2","1","0.75","Upasna","Paranjpe","",""
"Studio Cardio Barre","2024-01-28, 10:15 AM","Taj Wellington Mews, Colaba, Mumbai","Junior Trainer","1848.40","1250.00","0.00","1250.00","0.00","2","1","0","0","1","0","0.95","Upasna","Paranjpe","",""
"Studio Cardio Barre","2024-02-04, 10:15 AM","Taj Wellington Mews, Colaba, Mumbai","Junior Trainer","0.00","1250.00","0.00","1250.00","0.00","0","0","0","0","0","0","0.95","Upasna","Paranjpe","",""
"Studio Cardio Barre","2024-01-07, 10:15 AM","Taj Wellington Mews, Colaba, Mumbai","Junior Trainer","2800.00","1250.00","0.00","1250.00","0.00","2","2","0","0","0","0","0.95","Upasna","Paranjpe","",""
"Studio Cardio Barre","2024-01-21, 10:15 AM","Taj Wellington Mews, Colaba, Mumbai","Junior Trainer","489.77","1250.00","0.00","1250.00","0.00","2","0","0","0","1","0","0.95","Upasna","Paranjpe","",""
"Studio Cardio Barre","2024-01-14, 10:15 AM","Taj Wellington Mews, Colaba, Mumbai","Junior Trainer","41.37","1250.00","0.00","1250.00","0.00","1","1","0","0","0","0","0.95","Upasna","Paranjpe","",""