"Class name","Class date","Location","Payrate","Time (h)","Teacher First Name","Teacher Last Name","Employee Code","Payrate Code","Customer Name","Customer Email","Sale Date","Checked in","Comp","Late Cancelled","Payment Method","Payment Method Name","Paid","Teacher Payout"
"Studio SWEAT in 30","2024-03-04, 9:45 AM","Kwality House, Kemps Corner","Junior Trainer","0.50","Upasna","Paranjpe","","","Minal Jhaveri","minaljhaveri1612@gmail.com","2024-03-14, 3:04 PM","Yes","No","No","Subscription","Studio 6 Month Unlimited Membership","641.03","0.00"
"Studio Barre 57 Express","2024-03-04, 7:30 AM","Kwality House, Kemps Corner","Junior Trainer","0.75","Upasna","Paranjpe","","","Karishma  Chanrai","karishma.chanrai@gmail.com","2024-03-04, 10:13 AM","Yes","No","No","Package","Studio 4 Class Package","1400.00","0.00"
"Studio Barre 57 Express","2024-03-04, 7:30 AM","Kwality House, Kemps Corner","Junior Trainer","0.75","Upasna","Paranjpe","","","Shraddha Goradia","shraddha052@gmail.com","2024-03-04, 8:33 AM","Yes","No","No","Package","Studio Single Class","1400.00","0.00"
"Studio Barre 57 Express","2024-03-04, 7:30 AM","Kwality House, Kemps Corner","Junior Trainer","0.75","Upasna","Paranjpe","","","Jehangir Mehta","mehta.jehangir@yahoo.com","2024-03-04, 7:32 AM","Yes","No","No","Subscription","Studio 1 Month Unlimited Membership","840.75","0.00"
"Studio Barre 57 Express","2024-03-04, 7:30 AM","Kwality House, Kemps Corner","Junior Trainer","0.75","Upasna","Paranjpe","","","Nikita  Goenka ","nikitagoenka27@gmail.com","2024-03-04, 5:25 AM","Yes","No","No","Subscription","Studio 3 Month Unlimited Membership","41.37","0.00"
"Studio Foundations","2024-02-29, 9:00 AM","Kwality House, Kemps Corner","Junior Trainer","0.83","Upasna","Paranjpe","","","Deepika Gehani","dpkgehani@gmail.com","2024-02-29, 8:57 AM","Yes","No","No","Subscription","Studio 30 Single Class Pack","1400.00","0.00"
"Studio Foundations","2024-02-29, 9:00 AM","Kwality House, Kemps Corner","Junior Trainer","0.83","Upasna","Paranjpe","","","Shivani Sheth","shivaniasheth@gmail.com","2024-02-29, 7:47 AM","Yes","No","No","Subscription","Studio 8 Class Package","1386.50","0.00"
"Studio Cardio Barre Express","2024-02-29, 7:30 AM","Kwality House, Kemps Corner","Junior Trainer","0.75","Upasna","Paranjpe","","","Priyashi Mehta Kothari","priyashi96@gmail.com","2024-02-28, 7:20 PM","No","No","Yes","Subscription","Studio 12 Class Package","1089.53","0.00"
"Studio SWEAT in 30","2024-02-26, 9:30 AM","Kwality House, Kemps Corner","Junior Trainer","0.50","Upasna","Paranjpe","","","Vishakha Seth Mehra","vishakhaseth90@gmail.com","2024-02-26, 9:23 AM","Yes","No","No","Subscription","Studio 20 Single Class Pack","1400.00","0.00"
"Studio SWEAT in 30","2024-02-26, 9:30 AM","Kwality House, Kemps Corner","Junior Trainer","0.50","Upasna","Paranjpe","","","Zeenat Siddiqui","zeenat2@hotmail.com","2024-02-26, 9:13 AM","Yes","No","No","Subscription","Studio 12 Class Package","1089.53","0.00"
"Studio SWEAT in 30","2024-02-26, 9:30 AM","Kwality House, Kemps Corner","Junior Trainer","0.50","Upasna","Paranjpe","","","Sanjana Bhansali","sanjbhansali@gmail.com","2024-02-25, 11:50 PM","Yes","No","No","Subscription","Studio 1 Month Unlimited Membership","800.71","0.00"
"Studio SWEAT in 30","2024-02-26, 9:30 AM","Kwality House, Kemps Corner","Junior Trainer","0.50","Upasna","Paranjpe","","","Neha Somani","neha1295@gmail.com","2024-02-25, 2:48 PM","Yes","No","No","Subscription","Studio 1 Month Unlimited Membership","1400.00","0.00"
"Studio SWEAT in 30","2024-02-26, 9:30 AM","Kwality House, Kemps Corner","Junior Trainer","0.50","Upasna","Paranjpe","","","Ria Mehta","riamehta8@gmail.com","2024-02-25, 1:56 PM","No","No","Yes","Package","Studio 2 Week Unlimited Membership","9.04","0.00"
"Studio Barre 57 Express","2024-02-26, 7:30 AM","Kwality House, Kemps Corner","Junior Trainer","0.75","Upasna","Paranjpe","","","Mamta  Siroya","mamtasiroya@hotmail.com","2024-02-27, 2:47 PM","Yes","No","No","Package","Studio Open Barre Class","0.00","0.00"
"Studio Barre 57 Express","2024-02-26, 7:30 AM","Kwality House, Kemps Corner","Junior Trainer","0.75","Upasna","Paranjpe","","","Tanishaa Cunha","tanishaacunha@gmail.com","2024-02-25, 6:29 PM","Yes","No","No","Subscription","Studio 8 Class Package","1386.50","0.00"
"Studio Barre 57 Express","2024-02-25, 11:30 AM","Taj Wellington Mews, Colaba, Mumbai","Junior Trainer","0.75","Upasna","Paranjpe","","","Ali Asgar","ali@asmaco.com","2024-02-25, 11:18 AM","Yes","No","No","Subscription","Studio 3 Month Unlimited Membership","40.00","0.00"
"Studio Barre 57 Express","2024-02-25, 11:30 AM","Taj Wellington Mews, Colaba, Mumbai","Junior Trainer","0.75","Upasna","Paranjpe","","","Vinti Biyani","biyanivinti@gmail.com","2024-02-25, 10:38 AM","Yes","No","No","Package","Studio Open Barre Class","0.00","0.00"
"Studio Foundations","2024-02-22, 9:00 AM","Kwality House, Kemps Corner","Junior Trainer","0.83","Upasna","Paranjpe","","","Ria Mehta","riamehta8@gmail.com","2024-02-19, 10:40 PM","No","No","Yes","Package","Studio 2 Week Unlimited Membership","9.04","0.00"
"Studio Cardio Barre Express","2024-02-22, 7:30 AM","Kwality House, Kemps Corner","Junior Trainer","0.75","Upasna","Paranjpe","","","Carina Kohli","carinakohli1@gmail.com","2024-02-21, 9:40 PM","No","No","Yes","Subscription","Studio 1 Month Unlimited Membership","448.40","0.00"
"Studio Cardio Barre Express","2024-02-22, 7:30 AM","Kwality House, Kemps Corner","Junior Trainer","0.75","Upasna","Paranjpe","","","Ria Mehta","riamehta8@gmail.com","2024-02-21, 5:51 PM","No","No","Yes","Package","Studio 2 Week Unlimited Membership","9.04","0.00"
"Studio SWEAT in 30","2024-02-19, 9:45 AM","Kwality House, Kemps Corner","Junior Trainer","0.50","Upasna","Paranjpe","","","Sukirti  Agarwal","sukagra12498@gmail.com","2024-02-19, 9:44 AM","Yes","No","No","Subscription","Studio 1 Month Unlimited Membership","579.83","0.00"
"Studio SWEAT in 30","2024-02-19, 9:45 AM","Kwality House, Kemps Corner","Junior Trainer","0.50","Upasna","Paranjpe","","","Ravina Sanghvi","1234@gmail.com","2024-02-19, 9:43 AM","Yes","No","No","Subscription","Studio 3 Month Unlimited Membership","43.81","0.00"
"Studio SWEAT in 30","2024-02-19, 9:45 AM","Kwality House, Kemps Corner","Junior Trainer","0.50","Upasna","Paranjpe","","","Minal Jhaveri","minaljhaveri1612@gmail.com","2024-02-19, 9:39 AM","Yes","No","No","Subscription","Studio 6 Month Unlimited Membership","641.03","0.00"
"Studio SWEAT in 30","2024-02-19, 9:45 AM","Kwality House, Kemps Corner","Junior Trainer","0.50","Upasna","Paranjpe","","","Neha Somani","neha1295@gmail.com","2024-02-18, 7:40 PM","Yes","No","No","Subscription","Studio 1 Month Unlimited Membership","1400.00","0.00"
"Studio SWEAT in 30","2024-02-19, 9:45 AM","Kwality House, Kemps Corner","Junior Trainer","0.50","Upasna","Paranjpe","","","Sanjana Bhansali","sanjbhansali@gmail.com","2024-02-18, 6:29 PM","Yes","No","No","Subscription","Studio 1 Month Unlimited Membership","800.71","0.00"
"Studio Barre 57 Express","2024-02-19, 7:30 AM","Kwality House, Kemps Corner","Junior Trainer","0.75","Upasna","Paranjpe","","","Jehangir Mehta","mehta.jehangir@yahoo.com","2024-02-19, 7:34 AM","Yes","No","No","Subscription","Studio 1 Month Unlimited Membership","840.75","0.00"
"Studio Barre 57 Express","2024-02-18, 11:30 AM","Taj Wellington Mews, Colaba, Mumbai","Junior Trainer","0.75","Upasna","Paranjpe","","","Nerisha Bhansali","nerishabhansali@gmail.com","2024-02-16, 9:25 PM","Yes","No","No","Subscription","Studio 1 Month Unlimited Membership","1034.77","0.00"
"Studio SWEAT in 30","2024-02-17, 9:45 AM","Kwality House, Kemps Corner","Junior Trainer","0.50","Upasna","Paranjpe","","","Dev  Sheth","dev.sheth181296@gmail.com","2024-02-17, 9:44 AM","Yes","No","No","Package","Studio Open Barre Class","0.00","0.00"
"Studio SWEAT in 30","2024-02-17, 9:45 AM","Kwality House, Kemps Corner","Junior Trainer","0.50","Upasna","Paranjpe","","","Minal Jhaveri","minaljhaveri1612@gmail.com","2024-02-17, 7:56 AM","Yes","No","No","Subscription","Studio 6 Month Unlimited Membership","641.03","0.00"
"Studio Barre 57 Express","2024-02-17, 9:00 AM","Kwality House, Kemps Corner","Junior Trainer","0.75","Upasna","Paranjpe","","","Shivani Parikh","parikhshivani223@gmail.com","2024-02-24, 9:02 AM","No","No","Yes","Subscription","Studio 20 Single Class Pack","1400.00","0.00"
"Studio Barre 57 Express","2024-02-17, 9:00 AM","Kwality House, Kemps Corner","Junior Trainer","0.75","Upasna","Paranjpe","","","Deevyesh Desai","dkdesai2010@gmail.com","2024-02-17, 9:05 AM","Yes","No","No","Subscription","Studio Annual Unlimited Membership","14.07","0.00"
"Studio Barre 57 Express","2024-02-17, 9:00 AM","Kwality House, Kemps Corner","Junior Trainer","0.75","Upasna","Paranjpe","","","Nikita  Goenka ","nikitagoenka27@gmail.com","2024-02-17, 8:33 AM","Yes","No","No","Subscription","Studio 3 Month Unlimited Membership","41.37","0.00"
"Studio Barre 57 Express","2024-02-17, 9:00 AM","Kwality House, Kemps Corner","Junior Trainer","0.75","Upasna","Paranjpe","","","Jehangir Mehta","mehta.jehangir@yahoo.com","2024-02-14, 10:52 PM","No","No","Yes","Subscription","Studio 1 Month Unlimited Membership","840.75","0.00"
"Studio Foundations","2024-02-15, 9:00 AM","Kwality House, Kemps Corner","Junior Trainer","0.83","Upasna","Paranjpe","","","Ayesha Mansukhani","ayesha.mansukhani@gmail.com","2024-02-15, 9:10 AM","Yes","No","No","Subscription","Studio Annual Unlimited Membership","898.31","0.00"
"Studio Foundations","2024-02-15, 9:00 AM","Kwality House, Kemps Corner","Junior Trainer","0.83","Upasna","Paranjpe","","","Minal Jhaveri","minaljhaveri1612@gmail.com","2024-02-15, 8:37 AM","Yes","No","No","Subscription","Studio 6 Month Unlimited Membership","641.03","0.00"
"Studio Foundations","2024-02-15, 9:00 AM","Kwality House, Kemps Corner","Junior Trainer","0.83","Upasna","Paranjpe","","","Deepika Gehani","dpkgehani@gmail.com","2024-02-15, 8:36 AM","Yes","No","No","Subscription","Studio 30 Single Class Pack","1400.00","0.00"
"Studio Cardio Barre Express","2024-02-15, 7:30 AM","Kwality House, Kemps Corner","Junior Trainer","0.75","Upasna","Paranjpe","","","Nikita  Goenka ","nikitagoenka27@gmail.com","2024-02-15, 6:59 AM","Yes","No","No","Subscription","Studio 3 Month Unlimited Membership","41.37","0.00"
"Studio Cardio Barre Express","2024-02-15, 7:30 AM","Kwality House, Kemps Corner","Junior Trainer","0.75","Upasna","Paranjpe","","","Jehangir Mehta","mehta.jehangir@yahoo.com","2024-02-14, 10:51 PM","Yes","No","No","Subscription","Studio 1 Month Unlimited Membership","840.75","0.00"
"Studio Cardio Barre Express","2024-02-15, 7:30 AM","Kwality House, Kemps Corner","Junior Trainer","0.75","Upasna","Paranjpe","","","Aashni Shah","aashni@gmail.com","2024-02-14, 6:40 PM","Yes","No","No","Subscription","Studio 12 Class Package","1225.73","0.00"
"Studio Cardio Barre Express","2024-02-15, 7:30 AM","Kwality House, Kemps Corner","Junior Trainer","0.75","Upasna","Paranjpe","","","Tanya Sadarangani","tanyasadarangani@gmail.com","2024-02-12, 10:01 PM","No","No","Yes","Subscription","Studio 3 Month U/L Monthly Installment","416.03","0.00"
"Studio SWEAT in 30","2024-02-12, 9:45 AM","Kwality House, Kemps Corner","Junior Trainer","0.50","Upasna","Paranjpe","","","Krrisha  Patel","krrishapatel46@gmail.com","2024-02-12, 9:41 AM","Yes","No","No","Subscription","Studio 3 Month Unlimited Membership","40.00","0.00"
"Studio SWEAT in 30","2024-02-12, 9:45 AM","Kwality House, Kemps Corner","Junior Trainer","0.50","Upasna","Paranjpe","","","Sukirti  Agarwal","sukagra12498@gmail.com","2024-02-12, 8:50 AM","Yes","No","No","Subscription","Studio 1 Month Unlimited Membership","579.83","0.00"
"Studio SWEAT in 30","2024-02-12, 9:45 AM","Kwality House, Kemps Corner","Junior Trainer","0.50","Upasna","Paranjpe","","","Neha Somani","neha1295@gmail.com","2024-02-12, 8:40 AM","Yes","No","No","Subscription","Studio 1 Month Unlimited Membership","1400.00","0.00"
"Studio SWEAT in 30","2024-02-12, 9:45 AM","Kwality House, Kemps Corner","Junior Trainer","0.50","Upasna","Paranjpe","","","Minal Jhaveri","minaljhaveri1612@gmail.com","2024-02-12, 8:24 AM","Yes","No","No","Subscription","Studio 6 Month Unlimited Membership","641.03","0.00"
"Studio SWEAT in 30","2024-02-12, 9:45 AM","Kwality House, Kemps Corner","Junior Trainer","0.50","Upasna","Paranjpe","","","Miloni Soni","milonisoni92@hotmail.com","2024-02-10, 4:19 PM","No","No","Yes","Subscription","Studio 1 Month Unlimited Membership","560.50","0.00"
"Studio SWEAT in 30","2024-02-12, 9:45 AM","Kwality House, Kemps Corner","Junior Trainer","0.50","Upasna","Paranjpe","","","Diana Framroze","dianaframroze@gmail.com","2024-02-10, 4:19 PM","No","No","Yes","Subscription","Studio 3 Month Unlimited Membership","41.37","0.00"
"Studio SWEAT in 30","2024-02-12, 9:45 AM","Kwality House, Kemps Corner","Junior Trainer","0.50","Upasna","Paranjpe","","","Maithili Raut","maithili.raut@gmail.com","2024-02-07, 2:20 PM","Yes","No","No","Subscription","Studio 3 Month Unlimited Membership","41.37","0.00"
"Studio Barre 57 Express","2024-02-12, 7:30 AM","Kwality House, Kemps Corner","Junior Trainer","0.75","Upasna","Paranjpe","","","Vrinda Ahuja","vrinda1102@gmail.com","2024-02-12, 8:25 AM","Yes","No","No","Package","Studio Single Class","1400.00","0.00"
"Studio Barre 57 Express","2024-02-12, 7:30 AM","Kwality House, Kemps Corner","Junior Trainer","0.75","Upasna","Paranjpe","","","Namita Jatia","namitajatia@gmail.com","2024-02-12, 7:19 AM","Yes","No","No","Subscription","Studio Annual Unlimited Membership","1400.00","0.00"
"Studio Barre 57 Express","2024-02-11, 11:30 AM","Taj Wellington Mews, Colaba, Mumbai","Junior Trainer","0.75","Upasna","Paranjpe","","","Deevyesh Desai","dkdesai2010@gmail.com","2024-02-11, 12:49 PM","Yes","No","No","Subscription","Studio Annual Unlimited Membership","14.07","0.00"
"Studio Barre 57 Express","2024-02-11, 11:30 AM","Taj Wellington Mews, Colaba, Mumbai","Junior Trainer","0.75","Upasna","Paranjpe","","","Riya Suchanti ","riyasuchanti.rs@gmail.com","2024-02-08, 12:16 PM","No","No","Yes","Subscription","Studio 1 Month Unlimited Membership","448.40","0.00"
"Studio Cardio Barre","2024-02-11, 10:15 AM","Taj Wellington Mews, Colaba, Mumbai","Junior Trainer","0.95","Upasna","Paranjpe","","","Ali Asgar","ali@asmaco.com","2024-02-11, 9:35 AM","Yes","No","No","Subscription","Studio 3 Month Unlimited Membership","40.00","0.00"
"Studio Cardio Barre","2024-02-11, 10:15 AM","Taj Wellington Mews, Colaba, Mumbai","Junior Trainer","0.95","Upasna","Paranjpe","","","Nerisha Bhansali","nerishabhansali@gmail.com","2024-02-11, 12:13 AM","Yes","No","No","Subscription","Studio 1 Month Unlimited Membership","1034.77","0.00"
"Studio Cardio Barre","2024-02-11, 10:15 AM","Taj Wellington Mews, Colaba, Mumbai","Junior Trainer","0.95","Upasna","Paranjpe","","","Mahika Thakur","mrt368@nyu.edu","2024-02-09, 9:47 AM","No","No","Yes","Subscription","Studio 3 Month Unlimited Membership","25.02","0.00"
"Studio Cardio Barre","2024-02-11, 10:15 AM","Taj Wellington Mews, Colaba, Mumbai","Junior Trainer","0.95","Upasna","Paranjpe","","","Riya Suchanti ","riyasuchanti.rs@gmail.com","2024-02-08, 12:16 PM","No","No","Yes","Subscription","Studio 1 Month Unlimited Membership","448.40","0.00"
"Studio Foundations","2024-02-08, 9:00 AM","Kwality House, Kemps Corner","Junior Trainer","0.83","Upasna","Paranjpe","","","Sukirti  Agarwal","sukagra12498@gmail.com","2024-02-08, 9:03 AM","Yes","No","No","Subscription","Studio 1 Month Unlimited Membership","579.83","0.00"
"Studio Foundations","2024-02-08, 9:00 AM","Kwality House, Kemps Corner","Junior Trainer","0.83","Upasna","Paranjpe","","","Shivani Sheth","shivaniasheth@gmail.com","2024-02-08, 9:00 AM","Yes","No","No","Subscription","Studio 8 Class Package","1386.50","0.00"
"Studio Foundations","2024-02-08, 9:00 AM","Kwality House, Kemps Corner","Junior Trainer","0.83","Upasna","Paranjpe","","","Parul  Shah ","parulshah0205@gmail.com","2024-02-08, 8:55 AM","Yes","No","No","Subscription","Studio 1 Month Unlimited Membership","840.75","0.00"
"Studio Cardio Barre Express","2024-02-08, 7:30 AM","Kwality House, Kemps Corner","Junior Trainer","0.75","Upasna","Paranjpe","","","Maansi Parikh","maansiparikh@gmail.com","2024-02-08, 12:44 AM","No","No","Yes","Subscription","Studio 1 Month Unlimited Membership","893.30","0.00"
"Studio Cardio Barre Express","2024-02-08, 7:30 AM","Kwality House, Kemps Corner","Junior Trainer","0.75","Upasna","Paranjpe","","","Carina Kohli","carinakohli1@gmail.com","2024-02-07, 4:30 PM","No","No","Yes","Subscription","Studio 1 Month Unlimited Membership","448.40","0.00"
"Studio Cardio Barre Express","2024-02-08, 7:30 AM","Kwality House, Kemps Corner","Junior Trainer","0.75","Upasna","Paranjpe","","","Jehangir Mehta","mehta.jehangir@yahoo.com","2024-02-06, 9:52 AM","Yes","No","No","Subscription","Studio 1 Month Unlimited Membership","840.75","0.00"
"Studio Barre 57","2024-01-11, 6:45 PM","Kwality House, Kemps Corner","Junior Trainer","0.95","Upasna","Paranjpe","","","Shruti Rajkumar","shruti.rajkumar@gmail.com","2024-01-11, 3:06 PM","No","No","Yes","Subscription","Studio 1 Month Unlimited Membership","1400.00","0.00"
"Studio Barre 57 Express","2024-01-11, 5:45 PM","Kwality House, Kemps Corner","Junior Trainer","0.75","Upasna","Paranjpe","","","Nilufer Bhayat","olailanails@yahoo.com","2024-01-11, 6:13 PM","Yes","No","No","Subscription","Studio 1 Month Unlimited Membership","640.57","0.00"
"Studio Barre 57 Express","2024-01-11, 5:45 PM","Kwality House, Kemps Corner","Junior Trainer","0.75","Upasna","Paranjpe","","","Saanchi Gilani","saanchigilani@gmail.com","2024-01-11, 5:23 PM","Yes","No","No","Free","","0.00","0.00"
"Studio Barre 57 Express","2024-01-11, 5:45 PM","Kwality House, Kemps Corner","Junior Trainer","0.75","Upasna","Paranjpe","","","Jilly Parmar","parmarjilly@hotmail.com","2024-01-11, 3:37 PM","Yes","No","No","Subscription","Studio 3 Month Unlimited Membership","48.68","0.00"
"Studio Barre 57 Express","2024-01-11, 5:45 PM","Kwality House, Kemps Corner","Junior Trainer","0.75","Upasna","Paranjpe","","","Aayushi Maniar","aayushimaniar90@gmail.com","2024-01-11, 10:44 AM","Yes","No","No","Subscription","Studio 1 Month Unlimited Membership","1400.00","0.00"
"Studio Barre 57 Express","2024-01-11, 5:45 PM","Kwality House, Kemps Corner","Junior Trainer","0.75","Upasna","Paranjpe","","","Alya Tapia","alyatapia@gmail.com","2024-01-11, 10:34 AM","No","No","Yes","Package","Studio 2 Week Unlimited Membership","9.04","0.00"
"Studio Barre 57 Express","2024-01-11, 5:45 PM","Kwality House, Kemps Corner","Junior Trainer","0.75","Upasna","Paranjpe","","","Preeti Ambani","preeti.ambani@gmail.com","2024-01-11, 8:00 AM","No","No","Yes","Subscription","Studio Annual Unlimited Membership","14.07","0.00"
"Studio Barre 57 Express","2024-01-11, 5:45 PM","Kwality House, Kemps Corner","Junior Trainer","0.75","Upasna","Paranjpe","","","Sachita Jasani","sachitajasani1998@gmail.com","2024-01-08, 3:46 PM","No","No","Yes","Subscription","Studio 3 Month Unlimited Membership","41.37","0.00"
"Studio Foundations","2024-01-25, 9:00 AM","Kwality House, Kemps Corner","Junior Trainer","0.83","Upasna","Paranjpe","","","Pratiksha Agarwal","pratiksha234@gmail.com","2024-01-25, 9:20 AM","Yes","No","No","Subscription","Studio 12 Class Package","1225.73","0.00"
"Studio Foundations","2024-01-25, 9:00 AM","Kwality House, Kemps Corner","Junior Trainer","0.83","Upasna","Paranjpe","","","Ranjana Steinruecke","ranjana@galeriems.com","2024-01-25, 8:54 AM","Yes","No","No","Subscription","Studio 3 Month Unlimited Membership","41.37","0.00"
"Studio Foundations","2024-01-25, 9:00 AM","Kwality House, Kemps Corner","Junior Trainer","0.83","Upasna","Paranjpe","","","Radha Gupta","chowguleradha@gmail.com","2024-01-25, 8:49 AM","Yes","No","No","Package","Studio Single Class","1400.00","0.00"
"Studio Foundations","2024-01-25, 9:00 AM","Kwality House, Kemps Corner","Junior Trainer","0.83","Upasna","Paranjpe","","","Shivani Sheth","shivaniasheth@gmail.com","2024-01-25, 7:20 AM","Yes","No","No","Subscription","Studio 3 Month Unlimited Membership","41.37","0.00"
"Studio Foundations","2024-01-18, 9:00 AM","Kwality House, Kemps Corner","Junior Trainer","0.83","Upasna","Paranjpe","","","Radha Gupta","chowguleradha@gmail.com","2024-01-18, 9:36 AM","Yes","No","No","Package","Studio Open Barre Class","0.00","0.00"
"Studio Foundations","2024-01-18, 9:00 AM","Kwality House, Kemps Corner","Junior Trainer","0.83","Upasna","Paranjpe","","","Minal Jhaveri","minaljhaveri1612@gmail.com","2024-01-18, 8:47 AM","Yes","No","No","Subscription","Studio 6 Month Unlimited Membership","641.03","0.00"
"Studio Foundations","2024-01-18, 9:00 AM","Kwality House, Kemps Corner","Junior Trainer","0.83","Upasna","Paranjpe","","","Payal Jain","payalarjain@gmail.com","2024-01-18, 8:08 AM","No","No","Yes","Subscription","Studio 3 Month Unlimited Membership","40.00","0.00"
"Studio Foundations","2024-01-04, 9:00 AM","Kwality House, Kemps Corner","Junior Trainer","0.83","Upasna","Paranjpe","","","Preeti Ambani","preeti.ambani@gmail.com","2024-01-04, 8:58 AM","Yes","No","No","Subscription","Studio Annual Unlimited Membership","14.07","0.00"
"Studio Foundations","2024-01-04, 9:00 AM","Kwality House, Kemps Corner","Junior Trainer","0.83","Upasna","Paranjpe","","","Suroor Makharia","suroor23m@gmail.com","2024-01-04, 8:44 AM","Yes","No","No","Subscription","Studio 8 Class Package","1386.50","0.00"
"Studio Foundations","2024-01-04, 9:00 AM","Kwality House, Kemps Corner","Junior Trainer","0.83","Upasna","Paranjpe","","","Khushboo Vakharia","khush.shri@gmail.com","2024-01-03, 2:46 PM","Yes","No","No","Package","Studio Open Barre Class","0.00","0.00"
"Studio Foundations","2024-01-04, 9:00 AM","Kwality House, Kemps Corner","Junior Trainer","0.83","Upasna","Paranjpe","","","Saanya Mansharamani","saanyaam@gmail.com","2024-01-03, 2:03 PM","Yes","No","No","Package","Studio Open Barre Class","0.00","0.00"
"Studio Foundations","2024-01-04, 9:00 AM","Kwality House, Kemps Corner","Junior Trainer","0.83","Upasna","Paranjpe","","","Namita Kumar","namitakumar93@gmail.com","2024-01-02, 9:37 PM","Yes","No","No","Subscription","Studio 12 Class Package","1361.92","0.00"
"Studio Cardio Barre Express","2024-02-01, 7:30 AM","Kwality House, Kemps Corner","Junior Trainer","0.75","Upasna","Paranjpe","","","Renuka Advani","renukaadvani@gmail.com","2024-02-01, 7:17 AM","Yes","No","No","Subscription","Studio 1 Month Unlimited Membership","791.29","0.00"
"Studio Cardio Barre Express","2024-02-01, 7:30 AM","Kwality House, Kemps Corner","Junior Trainer","0.75","Upasna","Paranjpe","","","Tanya Sadarangani","tanyasadarangani@gmail.com","2024-01-29, 11:01 PM","No","No","Yes","Subscription","Studio 3 Month U/L Monthly Installment","416.03","0.00"
"Studio Cardio Barre Express","2024-01-18, 7:30 AM","Kwality House, Kemps Corner","Junior Trainer","0.75","Upasna","Paranjpe","","","Fareeda Kanga","fareedakanga@gmail.com","2024-01-18, 7:34 AM","Yes","No","No","Subscription","Studio 12 Class Package","1361.92","0.00"
"Studio Cardio Barre Express","2024-01-18, 7:30 AM","Kwality House, Kemps Corner","Junior Trainer","0.75","Upasna","Paranjpe","","","Ayesha Mansukhani","ayesha.mansukhani@gmail.com","2024-01-18, 7:33 AM","Yes","No","No","Subscription","Studio Annual Unlimited Membership","898.31","0.00"
"Studio Cardio Barre Express","2024-01-18, 7:30 AM","Kwality House, Kemps Corner","Junior Trainer","0.75","Upasna","Paranjpe","","","Shagun Shah","shagunshah@gmail.com","2024-01-18, 7:18 AM","Yes","No","No","Subscription","Studio 12 Class Package","1225.73","0.00"
"Studio Cardio Barre Express","2024-01-18, 7:30 AM","Kwality House, Kemps Corner","Junior Trainer","0.75","Upasna","Paranjpe","","","Maansi Parikh","maansiparikh@gmail.com","2024-01-17, 11:19 PM","No","No","Yes","Subscription","Studio 1 Month Unlimited Membership","893.30","0.00"
"Studio Cardio Barre Express","2024-01-18, 7:30 AM","Kwality House, Kemps Corner","Junior Trainer","0.75","Upasna","Paranjpe","","","Tanya Sadarangani","tanyasadarangani@gmail.com","2024-01-15, 4:40 PM","No","No","Yes","Subscription","Studio 3 Month U/L Monthly Installment","416.03","0.00"
"Studio Cardio Barre Express","2024-01-04, 7:30 AM","Kwality House, Kemps Corner","Junior Trainer","0.75","Upasna","Paranjpe","","","Jennifer Debara","jennkins@yahoo.com","2024-01-04, 7:29 AM","Yes","No","No","Subscription","Studio 12 Class Package","1225.73","0.00"
"Studio Cardio Barre Express","2024-01-04, 7:30 AM","Kwality House, Kemps Corner","Junior Trainer","0.75","Upasna","Paranjpe","","","Shagun Shah","shagunshah@gmail.com","2024-01-04, 7:27 AM","Yes","No","No","Subscription","Studio 12 Class Package","1225.73","0.00"
"Studio Cardio Barre Express","2024-01-04, 7:30 AM","Kwality House, Kemps Corner","Junior Trainer","0.75","Upasna","Paranjpe","","","Shefali Saldanha","shefali86@gmail.com","2024-01-04, 7:16 AM","Yes","No","No","Subscription","Studio 8 Class Package","1386.50","0.00"
"Studio Cardio Barre Express","2024-01-04, 7:30 AM","Kwality House, Kemps Corner","Junior Trainer","0.75","Upasna","Paranjpe","","","Aashni Shah","aashni@gmail.com","2024-01-03, 10:16 PM","Yes","No","No","Subscription","Studio 12 Class Package","1225.73","0.00"
"Studio Cardio Barre Express","2024-01-29, 6:30 PM","Taj Wellington Mews, Colaba, Mumbai","Junior Trainer","0.75","Upasna","Paranjpe","","","Nilufer Bhayat","olailanails@yahoo.com","2024-01-29, 8:12 PM","Yes","No","No","Subscription","Studio 1 Month Unlimited Membership","640.57","0.00"
"Studio Cardio Barre Express","2024-01-29, 6:30 PM","Taj Wellington Mews, Colaba, Mumbai","Junior Trainer","0.75","Upasna","Paranjpe","","","Hayat Sadri","hayatsadri87@gmail.com","2024-01-29, 7:54 PM","No","No","Yes","Pay later","","0.00","0.00"
"Studio Barre 57 Express","2024-01-29, 5:45 PM","Taj Wellington Mews, Colaba, Mumbai","Junior Trainer","0.75","Upasna","Paranjpe","","","Nilufer Bhayat","olailanails@yahoo.com","2024-01-29, 8:11 PM","Yes","No","No","Subscription","Studio 1 Month Unlimited Membership","640.57","0.00"
"Studio Barre 57 Express","2024-01-29, 5:45 PM","Taj Wellington Mews, Colaba, Mumbai","Junior Trainer","0.75","Upasna","Paranjpe","","","Hayat Sadri","hayatsadri87@gmail.com","2024-01-29, 8:03 PM","No","No","Yes","Pay later","","0.00","0.00"
"Studio Barre 57 Express","2024-01-29, 5:45 PM","Taj Wellington Mews, Colaba, Mumbai","Junior Trainer","0.75","Upasna","Paranjpe","","","Akshita Gandhi","akshi1210@gmail.com","2024-01-29, 7:58 PM","Yes","No","No","Subscription","Studio 8 Class Package","1386.50","0.00"
"Studio Barre 57 Express","2024-01-29, 5:45 PM","Taj Wellington Mews, Colaba, Mumbai","Junior Trainer","0.75","Upasna","Paranjpe","","","Maya Roy","maya.loy@gmail.com","2024-01-25, 10:27 AM","Yes","No","No","Subscription","Studio 8 Class Package","1386.50","0.00"
"Studio SWEAT in 30","2024-01-15, 9:45 AM","Kwality House, Kemps Corner","Junior Trainer","0.50","Upasna","Paranjpe","","","Minal Jhaveri","minaljhaveri1612@gmail.com","2024-01-15, 8:43 AM","Yes","No","No","Subscription","Studio 6 Month Unlimited Membership","641.03","0.00"
"Studio SWEAT in 30","2024-01-15, 9:45 AM","Kwality House, Kemps Corner","Junior Trainer","0.50","Upasna","Paranjpe","","","Neha Somani","neha1295@gmail.com","2024-01-14, 10:34 PM","Yes","No","No","Subscription","Studio 12 Class Package","1361.92","0.00"
"Studio SWEAT in 30","2024-01-15, 9:45 AM","Kwality House, Kemps Corner","Junior Trainer","0.50","Upasna","Paranjpe","","","Vishakha Seth Mehra","vishakhaseth90@gmail.com","2024-01-14, 7:27 PM","Yes","No","No","Subscription","Studio 20 Single Class Pack","1400.00","0.00"
"Studio SWEAT in 30","2024-01-15, 9:45 AM","Kwality House, Kemps Corner","Junior Trainer","0.50","Upasna","Paranjpe","","","Miloni Soni","milonisoni92@hotmail.com","2024-01-14, 7:10 PM","No","No","Yes","Subscription","Studio 1 Month Unlimited Membership","305.73","0.00"
"Studio Cardio Barre","2024-01-22, 9:00 AM","Taj Wellington Mews, Colaba, Mumbai","Junior Trainer","0.95","Upasna","Paranjpe","","","liana sadhwani","lianasadhwani@gmail.com","2024-01-25, 8:39 AM","Yes","No","No","Package","Studio Single Class","1400.00","0.00"
"Studio Cardio Barre","2024-01-22, 9:00 AM","Taj Wellington Mews, Colaba, Mumbai","Junior Trainer","0.95","Upasna","Paranjpe","","","aditi mohoni","aditi.mohoni@gmail.com","2024-01-21, 9:30 PM","Yes","No","No","Subscription","Studio 8 Class Package","1247.85","0.00"
"Studio Cardio Barre","2024-01-22, 9:00 AM","Taj Wellington Mews, Colaba, Mumbai","Junior Trainer","0.95","Upasna","Paranjpe","","","Mahika Thakur","mrt368@nyu.edu","2024-01-21, 7:51 PM","No","No","Yes","Subscription","Studio 3 Month Unlimited Membership","41.37","0.00"
"Studio Cardio Barre","2024-01-22, 9:00 AM","Taj Wellington Mews, Colaba, Mumbai","Junior Trainer","0.95","Upasna","Paranjpe","","","Deepa Vaswani","d.vaswani@fountainheadintl.com","2024-01-21, 2:27 PM","Yes","No","No","Package","Studio Open Barre Class","0.00","0.00"
"Studio Cardio Barre","2024-01-08, 9:00 AM","Taj Wellington Mews, Colaba, Mumbai","Junior Trainer","0.95","Upasna","Paranjpe","","","Akshita Gandhi","akshi1210@gmail.com","2024-01-08, 2:41 PM","Yes","No","No","Subscription","Studio 8 Class Package","1386.50","0.00"
"Studio Cardio Barre","2024-01-08, 9:00 AM","Taj Wellington Mews, Colaba, Mumbai","Junior Trainer","0.95","Upasna","Paranjpe","","","Riah Daswani","riahdaswani@gmail.com","2024-01-08, 7:56 AM","Yes","No","No","Subscription","Studio 3 Month Unlimited Membership","41.37","0.00"
"Studio Cardio Barre","2024-02-05, 9:00 AM","Taj Wellington Mews, Colaba, Mumbai","Junior Trainer","0.95","Upasna","Paranjpe","","","Twisha Chinai","twisha@gmail.com","2024-02-05, 10:57 AM","Yes","No","No","Subscription","Studio 8 Class Package","1386.50","0.00"
"Studio Barre 57 Express","2024-02-05, 7:45 AM","Taj Wellington Mews, Colaba, Mumbai","Junior Trainer","0.75","Upasna","Paranjpe","","","Shazia Andhyarujina ","shaziarahuja@gmail.com","2024-02-05, 12:15 PM","Yes","No","No","Package","Studio Single Class","1400.00","0.00"
"Studio Barre 57 Express","2024-02-05, 7:45 AM","Taj Wellington Mews, Colaba, Mumbai","Junior Trainer","0.75","Upasna","Paranjpe","","","Riya Suchanti ","riyasuchanti.rs@gmail.com","2024-02-04, 11:05 PM","No","No","Yes","Subscription","Studio 1 Month Unlimited Membership","448.40","0.00"
"Studio Barre 57 Express","2024-01-08, 7:45 AM","Taj Wellington Mews, Colaba, Mumbai","Junior Trainer","0.75","Upasna","Paranjpe","","","Riya Suchanti ","riyasuchanti.rs@gmail.com","2024-01-06, 5:12 PM","Yes","No","No","Subscription","Studio 1 Month Unlimited Membership","448.40","0.00"
"Studio Barre 57 Express","2024-01-22, 7:45 AM","Taj Wellington Mews, Colaba, Mumbai","Junior Trainer","0.75","Upasna","Paranjpe","","","Riya Suchanti ","riyasuchanti.rs@gmail.com","2024-01-17, 10:58 AM","No","No","Yes","Subscription","Studio 1 Month Unlimited Membership","448.40","0.00"
"Studio Barre 57 Express","2024-01-15, 7:30 AM","Kwality House, Kemps Corner","Junior Trainer","0.75","Upasna","Paranjpe","","","Fareeda Kanga","fareedakanga@gmail.com","2024-01-15, 7:55 AM","Yes","No","No","Subscription","Studio 12 Class Package","1361.92","0.00"
"Studio Barre 57 Express","2024-01-15, 7:30 AM","Kwality House, Kemps Corner","Junior Trainer","0.75","Upasna","Paranjpe","","","Aarti Rajwade","aaratirajwade@gmail.com","2024-01-13, 11:18 AM","No","No","Yes","Subscription","Studio Annual Unlimited Membership","1400.00","0.00"
"Studio Barre 57 Express","2024-01-21, 11:30 AM","Taj Wellington Mews, Colaba, Mumbai","Junior Trainer","0.75","Upasna","Paranjpe","","","Ali Asgar","ali@asmaco.com","2024-01-21, 11:14 AM","Yes","No","No","Subscription","Studio 3 Month Unlimited Membership","41.37","0.00"
"Studio Barre 57 Express","2024-01-21, 11:30 AM","Taj Wellington Mews, Colaba, Mumbai","Junior Trainer","0.75","Upasna","Paranjpe","","","Riya Suchanti ","riyasuchanti.rs@gmail.com","2024-01-14, 1:06 PM","Yes","No","No","Subscription","Studio 1 Month Unlimited Membership","448.40","0.00"
"Studio Barre 57 Express","2024-01-07, 11:30 AM","Taj Wellington Mews, Colaba, Mumbai","Junior Trainer","0.75","Upasna","Paranjpe","","","Riya Suchanti ","riyasuchanti.rs@gmail.com","2024-01-06, 5:10 PM","Yes","No","No","Subscription","Studio 1 Month Unlimited Membership","448.40","0.00"
"Studio Barre 57 Express","2024-01-07, 11:30 AM","Taj Wellington Mews, Colaba, Mumbai","Junior Trainer","0.75","Upasna","Paranjpe","","","Mahika Thakur","mrt368@nyu.edu","2024-01-02, 6:27 PM","Yes","No","No","Subscription","Studio 3 Month Unlimited Membership","41.37","0.00"
"Studio Barre 57 Express","2024-02-04, 11:30 AM","Taj Wellington Mews, Colaba, Mumbai","Junior Trainer","0.75","Upasna","Paranjpe","","","Anindita chakraborty","drchakraborty24@gmail.com","2024-02-02, 4:53 PM","No","No","Yes","Package","Studio Open Barre Class","0.00","0.00"
"Studio Barre 57 Express","2024-02-04, 11:30 AM","Taj Wellington Mews, Colaba, Mumbai","Junior Trainer","0.75","Upasna","Paranjpe","","","Mahika Thakur","mrt368@nyu.edu","2024-01-31, 5:29 PM","No","No","Yes","Subscription","Studio 3 Month Unlimited Membership","41.37","0.00"
"Studio Cardio Barre","2024-01-28, 10:15 AM","Taj Wellington Mews, Colaba, Mumbai","Junior Trainer","0.95","Upasna","Paranjpe","","","liana sadhwani","lianasadhwani@gmail.com","2024-01-30, 10:25 AM","Yes","No","No","Package","Studio Single Class","1400.00","0.00"
"Studio Cardio Barre","2024-01-28, 10:15 AM","Taj Wellington Mews, Colaba, Mumbai","Junior Trainer","0.95","Upasna","Paranjpe","","","Riya Suchanti ","riyasuchanti.rs@gmail.com","2024-01-22, 11:49 AM","No","No","Yes","Subscription","Studio 1 Month Unlimited Membership","448.40","0.00"
"Studio Cardio Barre","2024-01-07, 10:15 AM","Taj Wellington Mews, Colaba, Mumbai","Junior Trainer","0.95","Upasna","Paranjpe","","","Raahi Kapadia","rahikapadia0000@gmail.com","2024-01-07, 4:52 PM","Yes","No","No","Package","Studio Single Class","1400.00","0.00"
"Studio Cardio Barre","2024-01-07, 10:15 AM","Taj Wellington Mews, Colaba, Mumbai","Junior Trainer","0.95","Upasna","Paranjpe","","","Mona Chatlani","mona.chatlani@gmail.com","2024-01-05, 8:37 AM","Yes","No","No","Subscription","Studio 20 Single Class Pack","1400.00","0.00"
"Studio Cardio Barre","2024-01-21, 10:15 AM","Taj Wellington Mews, Colaba, Mumbai","Junior Trainer","0.95","Upasna","Paranjpe","","","Mahika Thakur","mrt368@nyu.edu","2024-01-15, 7:44 PM","No","No","Yes","Subscription","Studio 3 Month Unlimited Membership","41.37","0.00"
"Studio Cardio Barre","2024-01-21, 10:15 AM","Taj Wellington Mews, Colaba, Mumbai","Junior Trainer","0.95","Upasna","Paranjpe","","","Riya Suchanti ","riyasuchanti.rs@gmail.com","2024-01-14, 1:06 PM","No","No","No","Subscription","Studio 1 Month Unlimited Membership","448.40","0.00"
"Studio Cardio Barre","2024-01-14, 10:15 AM","Taj Wellington Mews, Colaba, Mumbai","Junior Trainer","0.95","Upasna","Paranjpe","","","Ali Asgar","ali@asmaco.com","2024-01-13, 7:43 PM","Yes","No","No","Subscription","Studio 3 Month Unlimited Membership","41.37","0.00"