"Class name","Class date","Location","Payrate","Total Revenue","Base Payout","Additional Payout","Total Payout","Tip","Participants","Checked in","Comps","Checked In Comps","Late cancellations","Non Paid Customers","Time (h)","Teacher First Name","Teacher Last Name","Employee Code","Payrate Code"
"powerCycle","2025-09-14, 5:00 PM","Kwality House, Kemps Corner","Junior Trainer","0.00","1250.00","0.00","1250.00","0.00","0","0","0","0","0","0","0.83","Kabir","Varma","",""
"powerCycle","2025-08-31, 5:00 PM","Kwality House, Kemps Corner","Junior Trainer","14441.75","1250.00","0.00","1250.00","0.00","11","8","0","0","3","1","0.83","Kabir","Varma","",""
"powerCycle Express","2025-09-07, 11:30 AM","Supreme HQ, Bandra","Junior Trainer","0.00","1250.00","0.00","1250.00","0.00","0","0","0","0","0","0","0.67","Kabir","Varma","",""
"powerCycle","2025-09-07, 10:00 AM","Supreme HQ, Bandra","Junior Trainer","326.12","1250.00","0.00","1250.00","0.00","3","0","0","0","0","0","0.67","Kabir","Varma","",""
"powerCycle Express","2025-08-29, 7:30 PM","Supreme HQ, Bandra","Junior Trainer","0.00","1250.00","0.00","1250.00","0.00","0","0","0","0","0","0","0.67","Kabir","Varma","",""
"powerCycle","2025-08-29, 6:00 PM","Supreme HQ, Bandra","Junior Trainer","2982.02","1250.00","0.00","1250.00","0.00","5","1","0","0","4","0","0.83","Kabir","Varma","",""
"powerCycle","2025-09-05, 10:00 AM","Kwality House, Kemps Corner","Junior Trainer","1500.00","1250.00","0.00","1250.00","0.00","1","0","0","0","0","0","0.83","Kabir","Varma","",""
"powerCycle","2025-09-05, 8:30 AM","Kwality House, Kemps Corner","Junior Trainer","2240.80","1250.00","0.00","1250.00","0.00","4","0","0","0","0","0","0.83","Kabir","Varma","",""
"powerCycle Express","2025-09-09, 7:15 PM","Supreme HQ, Bandra","Junior Trainer","0.00","1250.00","0.00","1250.00","0.00","0","0","0","0","0","0","0.67","Kabir","Varma","",""
"powerCycle Express","2025-09-02, 7:15 PM","Supreme HQ, Bandra","Junior Trainer","12145.72","1250.00","0.00","1250.00","0.00","14","12","0","0","2","1","0.67","Kabir","Varma","",""
"powerCycle Express ( Akon Vs Backstreet Boys )","2025-08-26, 7:15 PM","Supreme HQ, Bandra","Junior Trainer","7680.84","1250.00","0.00","1250.00","0.00","8","3","0","0","5","0","0.67","Kabir","Varma","",""
"powerCycle","2025-09-02, 6:00 PM","Supreme HQ, Bandra","Junior Trainer","1413.38","1250.00","0.00","1250.00","0.00","2","0","0","0","2","0","0.83","Kabir","Varma","",""
"powerCycle","2025-09-09, 6:00 PM","Supreme HQ, Bandra","Junior Trainer","0.00","1250.00","0.00","1250.00","0.00","0","0","0","0","0","0","0.83","Kabir","Varma","",""
"powerCycle","2025-08-26, 6:00 PM","Supreme HQ, Bandra","Junior Trainer","3224.47","1250.00","0.00","1250.00","0.00","4","2","0","0","2","0","0.83","Kabir","Varma","",""
"powerCycle","2025-09-08, 7:30 PM","Kwality House, Kemps Corner","Junior Trainer","0.00","1250.00","0.00","1250.00","0.00","0","0","0","0","0","0","0.83","Kabir","Varma","",""
"powerCycle","2025-09-01, 7:30 PM","Kwality House, Kemps Corner","Junior Trainer","13025.10","1250.00","0.00","1250.00","0.00","13","5","0","0","8","0","0.83","Kabir","Varma","",""
"powerCycle ( Usher Vs black Eyed Peas )","2025-09-01, 6:00 PM","Kwality House, Kemps Corner","Junior Trainer","9830.15","1250.00","0.00","1250.00","0.00","10","9","0","0","1","1","0.83","Kabir","Varma","",""
"powerCycle","2025-09-08, 6:00 PM","Kwality House, Kemps Corner","Junior Trainer","1500.00","1250.00","0.00","1250.00","0.00","1","0","0","0","0","0","0.83","Kabir","Varma","",""
"powerCycle","2025-08-18, 6:00 PM","Supreme HQ, Bandra","Junior Trainer","5679.20","1250.00","0.00","1250.00","0.00","4","3","0","0","1","0","0.83","Kabir","Varma","",""
"powerCycle","2025-08-18, 7:30 PM","Supreme HQ, Bandra","Junior Trainer","5706.69","1250.00","0.00","1250.00","0.00","7","5","0","0","2","1","0.83","Kabir","Varma","",""
"powerCycle ( Retro Rhythms )","2025-08-12, 6:00 PM","Supreme HQ, Bandra","Junior Trainer","2529.07","1250.00","0.00","1250.00","0.00","3","1","0","0","2","0","0.83","Kabir","Varma","",""
"powerCycle","2025-08-11, 6:00 PM","Supreme HQ, Bandra","Junior Trainer","3777.86","1250.00","0.00","1250.00","0.00","7","5","0","0","2","0","0.83","Kabir","Varma","",""
"powerCycle ( POP Legends Only )","2025-08-04, 6:00 PM","Supreme HQ, Bandra","Junior Trainer","10479.11","1250.00","0.00","1250.00","0.00","9","9","0","0","0","0","0.83","Kabir","Varma","",""